id,firstname,lastname,email,email2,profession
100,Laurene,Tamar,Laurene.Tamar@yopmail.com,Laurene.Tamar@gmail.com,developer
101,Sara-Ann,Oster,Sara-Ann.Oster@yopmail.com,Sara-Ann.Oster@gmail.com,doctor
102,Dulcinea,Sikorski,Dulcinea.Sikorski@yopmail.com,Dulcinea.Sikorski@gmail.com,doctor
103,Candy,Geffner,Candy.Geffner@yopmail.com,Candy.Geffner@gmail.com,worker
104,Arlina,Hamil,Arlina.Hamil@yopmail.com,Arlina.Hamil@gmail.com,developer
105,Noelle,Suzetta,Noelle.Suzetta@yopmail.com,Noelle.Suzetta@gmail.com,firefighter
106,Therine,Marcellus,Therine.Marcellus@yopmail.com,Therine.Marcellus@gmail.com,firefighter
107,Madeleine,Read,Madeleine.Read@yopmail.com,Madeleine.Read@gmail.com,doctor
108,Leia,Alfons,Leia.Alfons@yopmail.com,Leia.Alfons@gmail.com,developer
109,Ekaterina,Ludewig,Ekaterina.Ludewig@yopmail.com,Ekaterina.Ludewig@gmail.com,doctor
110,Chrystel,Genna,Chrystel.Genna@yopmail.com,Chrystel.Genna@gmail.com,firefighter
111,Nickie,Therine,Nickie.Therine@yopmail.com,Nickie.Therine@gmail.com,firefighter
112,Gavrielle,Brieta,Gavrielle.Brieta@yopmail.com,Gavrielle.Brieta@gmail.com,doctor
113,Asia,Publia,Asia.Publia@yopmail.com,Asia.Publia@gmail.com,doctor
114,Jeanna,Thunell,Jeanna.Thunell@yopmail.com,Jeanna.Thunell@gmail.com,worker
115,Nicoli,Iaverne,Nicoli.Iaverne@yopmail.com,Nicoli.Iaverne@gmail.com,firefighter
116,Riannon,Dituri,Riannon.Dituri@yopmail.com,Riannon.Dituri@gmail.com,firefighter
117,Cissiee,Sheng,Cissiee.Sheng@yopmail.com,Cissiee.Sheng@gmail.com,firefighter
118,Paule,Erich,Paule.Erich@yopmail.com,Paule.Erich@gmail.com,doctor
119,Elvira,Bigner,Elvira.Bigner@yopmail.com,Elvira.Bigner@gmail.com,police officer
120,Josephine,Thad,Josephine.Thad@yopmail.com,Josephine.Thad@gmail.com,doctor
121,Micheline,Ogren,Micheline.Ogren@yopmail.com,Micheline.Ogren@gmail.com,worker
122,Yvonne,Susannah,Yvonne.Susannah@yopmail.com,Yvonne.Susannah@gmail.com,firefighter
123,Cathyleen,Liebermann,Cathyleen.Liebermann@yopmail.com,Cathyleen.Liebermann@gmail.com,developer
124,Coral,Deny,Coral.Deny@yopmail.com,Coral.Deny@gmail.com,firefighter
125,Lanae,Schwejda,Lanae.Schwejda@yopmail.com,Lanae.Schwejda@gmail.com,doctor
126,Siana,Jethro,Siana.Jethro@yopmail.com,Siana.Jethro@gmail.com,developer
127,Mady,Anton,Mady.Anton@yopmail.com,Mady.Anton@gmail.com,firefighter
128,Emmey,Zaslow,Emmey.Zaslow@yopmail.com,Emmey.Zaslow@gmail.com,firefighter
129,Susette,Afton,Susette.Afton@yopmail.com,Susette.Afton@gmail.com,police officer
130,Alia,Kauppi,Alia.Kauppi@yopmail.com,Alia.Kauppi@gmail.com,doctor
131,Kirstin,Marsden,Kirstin.Marsden@yopmail.com,Kirstin.Marsden@gmail.com,firefighter
132,Dianemarie,Sparhawk,Dianemarie.Sparhawk@yopmail.com,Dianemarie.Sparhawk@gmail.com,police officer
133,Elise,Merell,Elise.Merell@yopmail.com,Elise.Merell@gmail.com,worker
134,Brana,Markman,Brana.Markman@yopmail.com,Brana.Markman@gmail.com,developer
135,Catrina,Trey,Catrina.Trey@yopmail.com,Catrina.Trey@gmail.com,police officer
136,Violet,Alva,Violet.Alva@yopmail.com,Violet.Alva@gmail.com,firefighter
137,Jany,Christal,Jany.Christal@yopmail.com,Jany.Christal@gmail.com,firefighter
138,Marita,Hewitt,Marita.Hewitt@yopmail.com,Marita.Hewitt@gmail.com,worker
139,Iseabal,Maiah,Iseabal.Maiah@yopmail.com,Iseabal.Maiah@gmail.com,police officer
140,Zia,Cookie,Zia.Cookie@yopmail.com,Zia.Cookie@gmail.com,doctor
141,Halette,Himelman,Halette.Himelman@yopmail.com,Halette.Himelman@gmail.com,worker
142,Valli,Tufts,Valli.Tufts@yopmail.com,Valli.Tufts@gmail.com,firefighter
143,Diena,Newell,Diena.Newell@yopmail.com,Diena.Newell@gmail.com,doctor
144,Sabina,Merna,Sabina.Merna@yopmail.com,Sabina.Merna@gmail.com,doctor
145,Rhoda,Llovera,Rhoda.Llovera@yopmail.com,Rhoda.Llovera@gmail.com,doctor
146,Pamella,Aida,Pamella.Aida@yopmail.com,Pamella.Aida@gmail.com,worker
147,Beth,Weitman,Beth.Weitman@yopmail.com,Beth.Weitman@gmail.com,firefighter
148,Mureil,Kosey,Mureil.Kosey@yopmail.com,Mureil.Kosey@gmail.com,developer
149,Mellicent,Cherianne,Mellicent.Cherianne@yopmail.com,Mellicent.Cherianne@gmail.com,police officer
150,Roslyn,Lia,Roslyn.Lia@yopmail.com,Roslyn.Lia@gmail.com,firefighter
151,Kara-Lynn,Couture,Kara-Lynn.Couture@yopmail.com,Kara-Lynn.Couture@gmail.com,firefighter
152,Lisette,Narton,Lisette.Narton@yopmail.com,Lisette.Narton@gmail.com,doctor
153,Ernesta,Trinetta,Ernesta.Trinetta@yopmail.com,Ernesta.Trinetta@gmail.com,developer
154,Minda,Codding,Minda.Codding@yopmail.com,Minda.Codding@gmail.com,police officer
155,Selia,Revkah,Selia.Revkah@yopmail.com,Selia.Revkah@gmail.com,worker
156,Glynnis,Soneson,Glynnis.Soneson@yopmail.com,Glynnis.Soneson@gmail.com,police officer
157,Madelle,Lynn,Madelle.Lynn@yopmail.com,Madelle.Lynn@gmail.com,developer
158,Lelah,Nea,Lelah.Nea@yopmail.com,Lelah.Nea@gmail.com,firefighter
159,Roxane,Chobot,Roxane.Chobot@yopmail.com,Roxane.Chobot@gmail.com,firefighter
160,Zia,Heisel,Zia.Heisel@yopmail.com,Zia.Heisel@gmail.com,firefighter
161,Sashenka,Merriott,Sashenka.Merriott@yopmail.com,Sashenka.Merriott@gmail.com,doctor
162,Dari,Vanni,Dari.Vanni@yopmail.com,Dari.Vanni@gmail.com,doctor
163,Sheree,Japeth,Sheree.Japeth@yopmail.com,Sheree.Japeth@gmail.com,developer
164,Winifred,Dex,Winifred.Dex@yopmail.com,Winifred.Dex@gmail.com,police officer
165,Shaylyn,Yate,Shaylyn.Yate@yopmail.com,Shaylyn.Yate@gmail.com,firefighter
166,Ottilie,O'Neill,Ottilie.O'Neill@yopmail.com,Ottilie.O'Neill@gmail.com,worker
167,Hope,Avi,Hope.Avi@yopmail.com,Hope.Avi@gmail.com,developer
168,Atlanta,Cloris,Atlanta.Cloris@yopmail.com,Atlanta.Cloris@gmail.com,doctor
169,Heida,Bartlett,Heida.Bartlett@yopmail.com,Heida.Bartlett@gmail.com,police officer
170,Kimberley,Gaspard,Kimberley.Gaspard@yopmail.com,Kimberley.Gaspard@gmail.com,doctor
171,Vinita,Rudolph,Vinita.Rudolph@yopmail.com,Vinita.Rudolph@gmail.com,firefighter
172,Leeanne,Decato,Leeanne.Decato@yopmail.com,Leeanne.Decato@gmail.com,firefighter
173,Alleen,Lewes,Alleen.Lewes@yopmail.com,Alleen.Lewes@gmail.com,developer
174,Brana,Martsen,Brana.Martsen@yopmail.com,Brana.Martsen@gmail.com,doctor
175,Althea,Haerr,Althea.Haerr@yopmail.com,Althea.Haerr@gmail.com,police officer
176,Jacquetta,Armanda,Jacquetta.Armanda@yopmail.com,Jacquetta.Armanda@gmail.com,firefighter
177,Celestyna,Lareena,Celestyna.Lareena@yopmail.com,Celestyna.Lareena@gmail.com,worker
178,Cam,Vernier,Cam.Vernier@yopmail.com,Cam.Vernier@gmail.com,doctor
179,Janis,Desai,Janis.Desai@yopmail.com,Janis.Desai@gmail.com,police officer
180,Lila,An,Lila.An@yopmail.com,Lila.An@gmail.com,doctor
181,Rori,Merna,Rori.Merna@yopmail.com,Rori.Merna@gmail.com,firefighter
182,Fidelia,Lunsford,Fidelia.Lunsford@yopmail.com,Fidelia.Lunsford@gmail.com,firefighter
183,Pierette,Gino,Pierette.Gino@yopmail.com,Pierette.Gino@gmail.com,firefighter
184,Mady,Hessler,Mady.Hessler@yopmail.com,Mady.Hessler@gmail.com,doctor
185,Wilma,Eugenia,Wilma.Eugenia@yopmail.com,Wilma.Eugenia@gmail.com,doctor
186,Lily,Peg,Lily.Peg@yopmail.com,Lily.Peg@gmail.com,firefighter
187,Hannis,Vanni,Hannis.Vanni@yopmail.com,Hannis.Vanni@gmail.com,doctor
188,Dorthy,Charity,Dorthy.Charity@yopmail.com,Dorthy.Charity@gmail.com,firefighter
189,Ketti,Hartnett,Ketti.Hartnett@yopmail.com,Ketti.Hartnett@gmail.com,doctor
190,Beth,Noman,Beth.Noman@yopmail.com,Beth.Noman@gmail.com,worker
191,Therine,Sacken,Therine.Sacken@yopmail.com,Therine.Sacken@gmail.com,doctor
192,Stephanie,Reneta,Stephanie.Reneta@yopmail.com,Stephanie.Reneta@gmail.com,firefighter
193,Babita,Chobot,Babita.Chobot@yopmail.com,Babita.Chobot@gmail.com,developer
194,Stacey,Nickola,Stacey.Nickola@yopmail.com,Stacey.Nickola@gmail.com,firefighter
195,Chere,Laverne,Chere.Laverne@yopmail.com,Chere.Laverne@gmail.com,firefighter
196,Kimberley,Ardra,Kimberley.Ardra@yopmail.com,Kimberley.Ardra@gmail.com,developer
197,Chickie,Ioab,Chickie.Ioab@yopmail.com,Chickie.Ioab@gmail.com,firefighter
198,Roseline,Myrilla,Roseline.Myrilla@yopmail.com,Roseline.Myrilla@gmail.com,developer
199,Jenilee,Olin,Jenilee.Olin@yopmail.com,Jenilee.Olin@gmail.com,doctor
200,Penelopa,Donell,Penelopa.Donell@yopmail.com,Penelopa.Donell@gmail.com,worker
201,Elsie,Cimbura,Elsie.Cimbura@yopmail.com,Elsie.Cimbura@gmail.com,doctor
202,Dorene,Carleen,Dorene.Carleen@yopmail.com,Dorene.Carleen@gmail.com,firefighter
203,Amara,Love,Amara.Love@yopmail.com,Amara.Love@gmail.com,firefighter
204,Yolane,Loring,Yolane.Loring@yopmail.com,Yolane.Loring@gmail.com,worker
205,Regina,Claudine,Regina.Claudine@yopmail.com,Regina.Claudine@gmail.com,worker
206,Genovera,Fax,Genovera.Fax@yopmail.com,Genovera.Fax@gmail.com,doctor
207,Beatriz,Bari,Beatriz.Bari@yopmail.com,Beatriz.Bari@gmail.com,police officer
208,Rhea,Briney,Rhea.Briney@yopmail.com,Rhea.Briney@gmail.com,developer
209,Renae,Casimir,Renae.Casimir@yopmail.com,Renae.Casimir@gmail.com,developer
210,Helena,Fadiman,Helena.Fadiman@yopmail.com,Helena.Fadiman@gmail.com,doctor
211,Helsa,Alrich,Helsa.Alrich@yopmail.com,Helsa.Alrich@gmail.com,doctor
212,Silvana,Angelis,Silvana.Angelis@yopmail.com,Silvana.Angelis@gmail.com,worker
213,Ardeen,Armanda,Ardeen.Armanda@yopmail.com,Ardeen.Armanda@gmail.com,developer
214,Jennica,Travax,Jennica.Travax@yopmail.com,Jennica.Travax@gmail.com,doctor
215,Nelle,Kress,Nelle.Kress@yopmail.com,Nelle.Kress@gmail.com,firefighter
216,Rebeca,Obed,Rebeca.Obed@yopmail.com,Rebeca.Obed@gmail.com,worker
217,Myriam,Kaete,Myriam.Kaete@yopmail.com,Myriam.Kaete@gmail.com,police officer
218,Olivette,Schalles,Olivette.Schalles@yopmail.com,Olivette.Schalles@gmail.com,worker
219,Edee,Garek,Edee.Garek@yopmail.com,Edee.Garek@gmail.com,doctor
220,Judy,Buttaro,Judy.Buttaro@yopmail.com,Judy.Buttaro@gmail.com,police officer
221,Karolina,Roarke,Karolina.Roarke@yopmail.com,Karolina.Roarke@gmail.com,doctor
222,Joelly,Audly,Joelly.Audly@yopmail.com,Joelly.Audly@gmail.com,firefighter
223,Corry,Jerald,Corry.Jerald@yopmail.com,Corry.Jerald@gmail.com,developer
224,Ellette,Phi,Ellette.Phi@yopmail.com,Ellette.Phi@gmail.com,worker
225,Frank,Annabella,Frank.Annabella@yopmail.com,Frank.Annabella@gmail.com,police officer
226,Larine,Dash,Larine.Dash@yopmail.com,Larine.Dash@gmail.com,doctor
227,Nicoli,Moseley,Nicoli.Moseley@yopmail.com,Nicoli.Moseley@gmail.com,doctor
228,Ann-Marie,Bakerman,Ann-Marie.Bakerman@yopmail.com,Ann-Marie.Bakerman@gmail.com,firefighter
229,Lolita,Edee,Lolita.Edee@yopmail.com,Lolita.Edee@gmail.com,developer
230,Dale,Tiffa,Dale.Tiffa@yopmail.com,Dale.Tiffa@gmail.com,firefighter
231,Mady,Raychel,Mady.Raychel@yopmail.com,Mady.Raychel@gmail.com,worker
232,Noelle,Docilla,Noelle.Docilla@yopmail.com,Noelle.Docilla@gmail.com,firefighter
233,Chere,Cookie,Chere.Cookie@yopmail.com,Chere.Cookie@gmail.com,firefighter
234,Melanie,Maribeth,Melanie.Maribeth@yopmail.com,Melanie.Maribeth@gmail.com,developer
235,Starla,Astra,Starla.Astra@yopmail.com,Starla.Astra@gmail.com,worker
236,Nelle,Dearborn,Nelle.Dearborn@yopmail.com,Nelle.Dearborn@gmail.com,developer
237,Sibella,Lunsford,Sibella.Lunsford@yopmail.com,Sibella.Lunsford@gmail.com,developer
238,Dari,Docilla,Dari.Docilla@yopmail.com,Dari.Docilla@gmail.com,doctor
239,Letizia,Ursulette,Letizia.Ursulette@yopmail.com,Letizia.Ursulette@gmail.com,police officer
240,Kara-Lynn,Hortensia,Kara-Lynn.Hortensia@yopmail.com,Kara-Lynn.Hortensia@gmail.com,doctor
241,Ebonee,Grobe,Ebonee.Grobe@yopmail.com,Ebonee.Grobe@gmail.com,developer
242,Vere,Marden,Vere.Marden@yopmail.com,Vere.Marden@gmail.com,firefighter
243,Meghann,Hutchison,Meghann.Hutchison@yopmail.com,Meghann.Hutchison@gmail.com,worker
244,Feliza,Lilas,Feliza.Lilas@yopmail.com,Feliza.Lilas@gmail.com,developer
245,Kassey,Allys,Kassey.Allys@yopmail.com,Kassey.Allys@gmail.com,doctor
246,Mamie,Shelba,Mamie.Shelba@yopmail.com,Mamie.Shelba@gmail.com,developer
247,Emma,Myrilla,Emma.Myrilla@yopmail.com,Emma.Myrilla@gmail.com,doctor
248,Jacenta,Maples,Jacenta.Maples@yopmail.com,Jacenta.Maples@gmail.com,police officer
249,Desirae,Pelagias,Desirae.Pelagias@yopmail.com,Desirae.Pelagias@gmail.com,police officer
250,Susette,Eiser,Susette.Eiser@yopmail.com,Susette.Eiser@gmail.com,worker
251,Amii,Hieronymus,Amii.Hieronymus@yopmail.com,Amii.Hieronymus@gmail.com,firefighter
252,Minda,Gaulin,Minda.Gaulin@yopmail.com,Minda.Gaulin@gmail.com,worker
253,Brana,Jagir,Brana.Jagir@yopmail.com,Brana.Jagir@gmail.com,worker
254,Nadine,Hieronymus,Nadine.Hieronymus@yopmail.com,Nadine.Hieronymus@gmail.com,police officer
255,Rosabelle,Phaidra,Rosabelle.Phaidra@yopmail.com,Rosabelle.Phaidra@gmail.com,developer
256,Orsola,Madelene,Orsola.Madelene@yopmail.com,Orsola.Madelene@gmail.com,doctor
257,Dania,Gunn,Dania.Gunn@yopmail.com,Dania.Gunn@gmail.com,firefighter
258,Roseline,Etom,Roseline.Etom@yopmail.com,Roseline.Etom@gmail.com,firefighter
259,Zsa Zsa,Brian,Zsa Zsa.Brian@yopmail.com,Zsa Zsa.Brian@gmail.com,firefighter
260,Basia,Esmaria,Basia.Esmaria@yopmail.com,Basia.Esmaria@gmail.com,firefighter
261,Marnia,Krystle,Marnia.Krystle@yopmail.com,Marnia.Krystle@gmail.com,firefighter
262,Marita,Sothena,Marita.Sothena@yopmail.com,Marita.Sothena@gmail.com,police officer
263,Konstance,Raama,Konstance.Raama@yopmail.com,Konstance.Raama@gmail.com,firefighter
264,Dagmar,Secrest,Dagmar.Secrest@yopmail.com,Dagmar.Secrest@gmail.com,developer
265,Carilyn,Annice,Carilyn.Annice@yopmail.com,Carilyn.Annice@gmail.com,developer
266,Nyssa,Neils,Nyssa.Neils@yopmail.com,Nyssa.Neils@gmail.com,worker
267,Yvonne,Aldric,Yvonne.Aldric@yopmail.com,Yvonne.Aldric@gmail.com,worker
268,Mignon,Carvey,Mignon.Carvey@yopmail.com,Mignon.Carvey@gmail.com,firefighter
269,Karina,Nerita,Karina.Nerita@yopmail.com,Karina.Nerita@gmail.com,police officer
270,Isa,Gladstone,Isa.Gladstone@yopmail.com,Isa.Gladstone@gmail.com,worker
271,Sam,Janene,Sam.Janene@yopmail.com,Sam.Janene@gmail.com,police officer
272,Melanie,Dawkins,Melanie.Dawkins@yopmail.com,Melanie.Dawkins@gmail.com,police officer
273,Jerry,Denis,Jerry.Denis@yopmail.com,Jerry.Denis@gmail.com,worker
274,Leanna,Paine,Leanna.Paine@yopmail.com,Leanna.Paine@gmail.com,developer
275,Maye,Terrence,Maye.Terrence@yopmail.com,Maye.Terrence@gmail.com,police officer
276,Dennie,Raama,Dennie.Raama@yopmail.com,Dennie.Raama@gmail.com,firefighter
277,Sue,Oneida,Sue.Oneida@yopmail.com,Sue.Oneida@gmail.com,worker
278,Hannis,Zamora,Hannis.Zamora@yopmail.com,Hannis.Zamora@gmail.com,police officer
279,Theodora,Rona,Theodora.Rona@yopmail.com,Theodora.Rona@gmail.com,doctor
280,Aigneis,Gower,Aigneis.Gower@yopmail.com,Aigneis.Gower@gmail.com,developer
281,Belinda,Schonfeld,Belinda.Schonfeld@yopmail.com,Belinda.Schonfeld@gmail.com,doctor
282,Jacquetta,Vins,Jacquetta.Vins@yopmail.com,Jacquetta.Vins@gmail.com,police officer
283,Leona,Uund,Leona.Uund@yopmail.com,Leona.Uund@gmail.com,police officer
284,Joy,Ambrosia,Joy.Ambrosia@yopmail.com,Joy.Ambrosia@gmail.com,worker
285,Giustina,Tippets,Giustina.Tippets@yopmail.com,Giustina.Tippets@gmail.com,police officer
286,Morganica,Truc,Morganica.Truc@yopmail.com,Morganica.Truc@gmail.com,police officer
287,Gilligan,Katrine,Gilligan.Katrine@yopmail.com,Gilligan.Katrine@gmail.com,worker
288,Jennica,Loring,Jennica.Loring@yopmail.com,Jennica.Loring@gmail.com,worker
289,Dorene,Jillane,Dorene.Jillane@yopmail.com,Dorene.Jillane@gmail.com,doctor
290,Jany,Lunsford,Jany.Lunsford@yopmail.com,Jany.Lunsford@gmail.com,developer
291,Dacia,Kress,Dacia.Kress@yopmail.com,Dacia.Kress@gmail.com,doctor
292,Hayley,Dosia,Hayley.Dosia@yopmail.com,Hayley.Dosia@gmail.com,developer
293,Linzy,Ricki,Linzy.Ricki@yopmail.com,Linzy.Ricki@gmail.com,firefighter
294,Concettina,Kussell,Concettina.Kussell@yopmail.com,Concettina.Kussell@gmail.com,worker
295,Dorice,Jacinda,Dorice.Jacinda@yopmail.com,Dorice.Jacinda@gmail.com,firefighter
296,Blondelle,Belanger,Blondelle.Belanger@yopmail.com,Blondelle.Belanger@gmail.com,firefighter
297,Queenie,Therine,Queenie.Therine@yopmail.com,Queenie.Therine@gmail.com,doctor
298,Chickie,Odysseus,Chickie.Odysseus@yopmail.com,Chickie.Odysseus@gmail.com,firefighter
299,Doro,Lunsford,Doro.Lunsford@yopmail.com,Doro.Lunsford@gmail.com,police officer
300,Joy,Desai,Joy.Desai@yopmail.com,Joy.Desai@gmail.com,doctor
301,Elsie,Hubert,Elsie.Hubert@yopmail.com,Elsie.Hubert@gmail.com,developer
302,Averyl,Alwin,Averyl.Alwin@yopmail.com,Averyl.Alwin@gmail.com,police officer
303,Frieda,Noelyn,Frieda.Noelyn@yopmail.com,Frieda.Noelyn@gmail.com,worker
304,Nananne,Fosque,Nananne.Fosque@yopmail.com,Nananne.Fosque@gmail.com,worker
305,Luci,Infield,Luci.Infield@yopmail.com,Luci.Infield@gmail.com,developer
306,Malina,Jillane,Malina.Jillane@yopmail.com,Malina.Jillane@gmail.com,police officer
307,Danika,Cookie,Danika.Cookie@yopmail.com,Danika.Cookie@gmail.com,worker
308,Feliza,Henebry,Feliza.Henebry@yopmail.com,Feliza.Henebry@gmail.com,doctor
309,Doralynne,Kenwood,Doralynne.Kenwood@yopmail.com,Doralynne.Kenwood@gmail.com,police officer
310,Tierney,Rebecka,Tierney.Rebecka@yopmail.com,Tierney.Rebecka@gmail.com,police officer
311,Marika,Faria,Marika.Faria@yopmail.com,Marika.Faria@gmail.com,firefighter
312,Mary,Cleavland,Mary.Cleavland@yopmail.com,Mary.Cleavland@gmail.com,developer
313,Kara-Lynn,Sigfrid,Kara-Lynn.Sigfrid@yopmail.com,Kara-Lynn.Sigfrid@gmail.com,worker
314,Lauryn,Pip,Lauryn.Pip@yopmail.com,Lauryn.Pip@gmail.com,firefighter
315,Tiffie,Zachary,Tiffie.Zachary@yopmail.com,Tiffie.Zachary@gmail.com,worker
316,Dawn,Raffo,Dawn.Raffo@yopmail.com,Dawn.Raffo@gmail.com,developer
317,Sashenka,Seessel,Sashenka.Seessel@yopmail.com,Sashenka.Seessel@gmail.com,police officer
318,Gerianna,Lymann,Gerianna.Lymann@yopmail.com,Gerianna.Lymann@gmail.com,doctor
319,Micheline,Maribeth,Micheline.Maribeth@yopmail.com,Micheline.Maribeth@gmail.com,doctor
320,Sue,Willie,Sue.Willie@yopmail.com,Sue.Willie@gmail.com,worker
321,Tori,Melan,Tori.Melan@yopmail.com,Tori.Melan@gmail.com,worker
322,Edee,Kolnick,Edee.Kolnick@yopmail.com,Edee.Kolnick@gmail.com,doctor
323,Thalia,Raseda,Thalia.Raseda@yopmail.com,Thalia.Raseda@gmail.com,developer
324,Brena,Redmond,Brena.Redmond@yopmail.com,Brena.Redmond@gmail.com,doctor
325,Olivette,Berard,Olivette.Berard@yopmail.com,Olivette.Berard@gmail.com,police officer
326,Emilia,Isidore,Emilia.Isidore@yopmail.com,Emilia.Isidore@gmail.com,worker
327,Alisha,Slifka,Alisha.Slifka@yopmail.com,Alisha.Slifka@gmail.com,firefighter
328,Flo,Trey,Flo.Trey@yopmail.com,Flo.Trey@gmail.com,worker
329,Wilma,Dowski,Wilma.Dowski@yopmail.com,Wilma.Dowski@gmail.com,police officer
330,Merrie,Bow,Merrie.Bow@yopmail.com,Merrie.Bow@gmail.com,developer
331,Shaylyn,Amethist,Shaylyn.Amethist@yopmail.com,Shaylyn.Amethist@gmail.com,doctor
332,Marjie,Melan,Marjie.Melan@yopmail.com,Marjie.Melan@gmail.com,police officer
333,Annabela,Carbo,Annabela.Carbo@yopmail.com,Annabela.Carbo@gmail.com,police officer
334,Micheline,O'Rourke,Micheline.O'Rourke@yopmail.com,Micheline.O'Rourke@gmail.com,firefighter
335,Almeta,Forrer,Almeta.Forrer@yopmail.com,Almeta.Forrer@gmail.com,worker
336,Mignon,Morehouse,Mignon.Morehouse@yopmail.com,Mignon.Morehouse@gmail.com,worker
337,Desirae,Flyn,Desirae.Flyn@yopmail.com,Desirae.Flyn@gmail.com,doctor
338,Pamella,Ricarda,Pamella.Ricarda@yopmail.com,Pamella.Ricarda@gmail.com,firefighter
339,Amalie,Thema,Amalie.Thema@yopmail.com,Amalie.Thema@gmail.com,developer
340,Emylee,Edmund,Emylee.Edmund@yopmail.com,Emylee.Edmund@gmail.com,doctor
341,Maurene,Neva,Maurene.Neva@yopmail.com,Maurene.Neva@gmail.com,police officer
342,Rosabelle,Sperling,Rosabelle.Sperling@yopmail.com,Rosabelle.Sperling@gmail.com,developer
343,Ada,Bergman,Ada.Bergman@yopmail.com,Ada.Bergman@gmail.com,firefighter
344,Luci,Tamar,Luci.Tamar@yopmail.com,Luci.Tamar@gmail.com,worker
345,Noelle,Desai,Noelle.Desai@yopmail.com,Noelle.Desai@gmail.com,developer
346,Moyna,Greenwald,Moyna.Greenwald@yopmail.com,Moyna.Greenwald@gmail.com,police officer
347,Althea,Tillford,Althea.Tillford@yopmail.com,Althea.Tillford@gmail.com,doctor
348,Aili,Philipp,Aili.Philipp@yopmail.com,Aili.Philipp@gmail.com,doctor
349,Brynna,Faust,Brynna.Faust@yopmail.com,Brynna.Faust@gmail.com,police officer
350,Sharai,Nester,Sharai.Nester@yopmail.com,Sharai.Nester@gmail.com,doctor
351,Kellen,Ardeha,Kellen.Ardeha@yopmail.com,Kellen.Ardeha@gmail.com,worker
352,Maud,Lauraine,Maud.Lauraine@yopmail.com,Maud.Lauraine@gmail.com,firefighter
353,Berta,Jerald,Berta.Jerald@yopmail.com,Berta.Jerald@gmail.com,firefighter
354,Ricky,Dorcy,Ricky.Dorcy@yopmail.com,Ricky.Dorcy@gmail.com,doctor
355,Marinna,Jenness,Marinna.Jenness@yopmail.com,Marinna.Jenness@gmail.com,police officer
356,Janenna,Lea,Janenna.Lea@yopmail.com,Janenna.Lea@gmail.com,firefighter
357,Alisha,Presber,Alisha.Presber@yopmail.com,Alisha.Presber@gmail.com,worker
358,Reeba,Vharat,Reeba.Vharat@yopmail.com,Reeba.Vharat@gmail.com,doctor
359,Malina,Toffic,Malina.Toffic@yopmail.com,Malina.Toffic@gmail.com,firefighter
360,Alex,Breed,Alex.Breed@yopmail.com,Alex.Breed@gmail.com,police officer
361,Gusty,Wareing,Gusty.Wareing@yopmail.com,Gusty.Wareing@gmail.com,developer
362,Lauryn,Deegan,Lauryn.Deegan@yopmail.com,Lauryn.Deegan@gmail.com,developer
363,Phylis,Kamaria,Phylis.Kamaria@yopmail.com,Phylis.Kamaria@gmail.com,firefighter
364,Shell,Sparhawk,Shell.Sparhawk@yopmail.com,Shell.Sparhawk@gmail.com,police officer
365,Arabel,Bartlett,Arabel.Bartlett@yopmail.com,Arabel.Bartlett@gmail.com,worker
366,Ayn,Rhu,Ayn.Rhu@yopmail.com,Ayn.Rhu@gmail.com,police officer
367,Annora,Hoenack,Annora.Hoenack@yopmail.com,Annora.Hoenack@gmail.com,police officer
368,Etta,Mintz,Etta.Mintz@yopmail.com,Etta.Mintz@gmail.com,worker
369,Joleen,Holbrook,Joleen.Holbrook@yopmail.com,Joleen.Holbrook@gmail.com,police officer
370,Briney,Chapland,Briney.Chapland@yopmail.com,Briney.Chapland@gmail.com,doctor
371,Starla,Francene,Starla.Francene@yopmail.com,Starla.Francene@gmail.com,police officer
372,Aili,Narton,Aili.Narton@yopmail.com,Aili.Narton@gmail.com,police officer
373,Philis,Gilmour,Philis.Gilmour@yopmail.com,Philis.Gilmour@gmail.com,doctor
374,Myriam,Syd,Myriam.Syd@yopmail.com,Myriam.Syd@gmail.com,developer
375,Mamie,Ardra,Mamie.Ardra@yopmail.com,Mamie.Ardra@gmail.com,firefighter
376,Gisela,Sinegold,Gisela.Sinegold@yopmail.com,Gisela.Sinegold@gmail.com,developer
377,Lucille,Wooster,Lucille.Wooster@yopmail.com,Lucille.Wooster@gmail.com,firefighter
378,Marsiella,Boycey,Marsiella.Boycey@yopmail.com,Marsiella.Boycey@gmail.com,worker
379,Odessa,Nedrud,Odessa.Nedrud@yopmail.com,Odessa.Nedrud@gmail.com,police officer
380,Hayley,Cristi,Hayley.Cristi@yopmail.com,Hayley.Cristi@gmail.com,firefighter
381,Jobi,Berne,Jobi.Berne@yopmail.com,Jobi.Berne@gmail.com,worker
382,Stacey,Junie,Stacey.Junie@yopmail.com,Stacey.Junie@gmail.com,firefighter
383,Delilah,Genna,Delilah.Genna@yopmail.com,Delilah.Genna@gmail.com,developer
384,Allis,Seagraves,Allis.Seagraves@yopmail.com,Allis.Seagraves@gmail.com,doctor
385,Konstance,Bobbee,Konstance.Bobbee@yopmail.com,Konstance.Bobbee@gmail.com,doctor
386,Myriam,Sammons,Myriam.Sammons@yopmail.com,Myriam.Sammons@gmail.com,doctor
387,Danny,Corabella,Danny.Corabella@yopmail.com,Danny.Corabella@gmail.com,firefighter
388,Bertine,An,Bertine.An@yopmail.com,Bertine.An@gmail.com,worker
389,Minda,Wallis,Minda.Wallis@yopmail.com,Minda.Wallis@gmail.com,developer
390,Ketti,Junie,Ketti.Junie@yopmail.com,Ketti.Junie@gmail.com,firefighter
391,Shel,Annabella,Shel.Annabella@yopmail.com,Shel.Annabella@gmail.com,firefighter
392,Ronna,Candy,Ronna.Candy@yopmail.com,Ronna.Candy@gmail.com,worker
393,Cathie,Schwejda,Cathie.Schwejda@yopmail.com,Cathie.Schwejda@gmail.com,firefighter
394,Marti,Bendick,Marti.Bendick@yopmail.com,Marti.Bendick@gmail.com,police officer
395,June,Douglass,June.Douglass@yopmail.com,June.Douglass@gmail.com,firefighter
396,Christal,Konyn,Christal.Konyn@yopmail.com,Christal.Konyn@gmail.com,police officer
397,Minne,Etom,Minne.Etom@yopmail.com,Minne.Etom@gmail.com,worker
398,Lesly,Cloris,Lesly.Cloris@yopmail.com,Lesly.Cloris@gmail.com,worker
399,Sibella,Sheng,Sibella.Sheng@yopmail.com,Sibella.Sheng@gmail.com,firefighter
400,Beverley,Rooney,Beverley.Rooney@yopmail.com,Beverley.Rooney@gmail.com,police officer
401,Kary,Baudin,Kary.Baudin@yopmail.com,Kary.Baudin@gmail.com,developer
402,Fidelia,Cristi,Fidelia.Cristi@yopmail.com,Fidelia.Cristi@gmail.com,worker
403,Cristabel,Ader,Cristabel.Ader@yopmail.com,Cristabel.Ader@gmail.com,doctor
404,Justinn,Peonir,Justinn.Peonir@yopmail.com,Justinn.Peonir@gmail.com,worker
405,Berta,Iphlgenia,Berta.Iphlgenia@yopmail.com,Berta.Iphlgenia@gmail.com,police officer
406,Ellette,Neva,Ellette.Neva@yopmail.com,Ellette.Neva@gmail.com,police officer
407,Zsa Zsa,Tound,Zsa Zsa.Tound@yopmail.com,Zsa Zsa.Tound@gmail.com,developer
408,Nikki,Alarise,Nikki.Alarise@yopmail.com,Nikki.Alarise@gmail.com,firefighter
409,Kimmy,Martguerita,Kimmy.Martguerita@yopmail.com,Kimmy.Martguerita@gmail.com,doctor
410,Anestassia,Anton,Anestassia.Anton@yopmail.com,Anestassia.Anton@gmail.com,developer
411,Gabi,Kermit,Gabi.Kermit@yopmail.com,Gabi.Kermit@gmail.com,firefighter
412,Flo,Sinegold,Flo.Sinegold@yopmail.com,Flo.Sinegold@gmail.com,developer
413,Kayla,Woodberry,Kayla.Woodberry@yopmail.com,Kayla.Woodberry@gmail.com,developer
414,Ardenia,Stanwood,Ardenia.Stanwood@yopmail.com,Ardenia.Stanwood@gmail.com,doctor
415,Leona,Harday,Leona.Harday@yopmail.com,Leona.Harday@gmail.com,developer
416,Julieta,McAdams,Julieta.McAdams@yopmail.com,Julieta.McAdams@gmail.com,worker
417,Janey,Alfons,Janey.Alfons@yopmail.com,Janey.Alfons@gmail.com,firefighter
418,Patricia,Sandye,Patricia.Sandye@yopmail.com,Patricia.Sandye@gmail.com,doctor
419,Dacia,Francyne,Dacia.Francyne@yopmail.com,Dacia.Francyne@gmail.com,police officer
420,Hermione,Natalia,Hermione.Natalia@yopmail.com,Hermione.Natalia@gmail.com,worker
421,Robinia,Milde,Robinia.Milde@yopmail.com,Robinia.Milde@gmail.com,developer
422,Misha,Lissi,Misha.Lissi@yopmail.com,Misha.Lissi@gmail.com,worker
423,Pamella,Christal,Pamella.Christal@yopmail.com,Pamella.Christal@gmail.com,developer
424,Bee,Adalbert,Bee.Adalbert@yopmail.com,Bee.Adalbert@gmail.com,firefighter
425,Valeda,Azeria,Valeda.Azeria@yopmail.com,Valeda.Azeria@gmail.com,developer
426,Malina,Doig,Malina.Doig@yopmail.com,Malina.Doig@gmail.com,firefighter
427,Sam,Hessler,Sam.Hessler@yopmail.com,Sam.Hessler@gmail.com,worker
428,Ilse,Fennessy,Ilse.Fennessy@yopmail.com,Ilse.Fennessy@gmail.com,worker
429,Ketti,Wattenberg,Ketti.Wattenberg@yopmail.com,Ketti.Wattenberg@gmail.com,worker
430,Mathilda,Barrus,Mathilda.Barrus@yopmail.com,Mathilda.Barrus@gmail.com,police officer
431,Heddie,Carlson,Heddie.Carlson@yopmail.com,Heddie.Carlson@gmail.com,developer
432,Fidelia,Jaylene,Fidelia.Jaylene@yopmail.com,Fidelia.Jaylene@gmail.com,doctor
433,Nariko,Bakerman,Nariko.Bakerman@yopmail.com,Nariko.Bakerman@gmail.com,firefighter
434,Sidoney,Chem,Sidoney.Chem@yopmail.com,Sidoney.Chem@gmail.com,firefighter
435,Michaelina,Naashom,Michaelina.Naashom@yopmail.com,Michaelina.Naashom@gmail.com,police officer
436,Keelia,Briney,Keelia.Briney@yopmail.com,Keelia.Briney@gmail.com,police officer
437,Consuela,Tound,Consuela.Tound@yopmail.com,Consuela.Tound@gmail.com,police officer
438,Joeann,Shirberg,Joeann.Shirberg@yopmail.com,Joeann.Shirberg@gmail.com,firefighter
439,Cecile,Rheingold,Cecile.Rheingold@yopmail.com,Cecile.Rheingold@gmail.com,police officer
440,Kirstin,Remmer,Kirstin.Remmer@yopmail.com,Kirstin.Remmer@gmail.com,firefighter
441,Kristina,Christal,Kristina.Christal@yopmail.com,Kristina.Christal@gmail.com,doctor
442,Brynna,Eben,Brynna.Eben@yopmail.com,Brynna.Eben@gmail.com,firefighter
443,Kristina,Parsaye,Kristina.Parsaye@yopmail.com,Kristina.Parsaye@gmail.com,firefighter
444,Angela,Hortensia,Angela.Hortensia@yopmail.com,Angela.Hortensia@gmail.com,worker
445,Etta,Thar,Etta.Thar@yopmail.com,Etta.Thar@gmail.com,firefighter
446,Ada,Stephie,Ada.Stephie@yopmail.com,Ada.Stephie@gmail.com,worker
447,Maye,Maples,Maye.Maples@yopmail.com,Maye.Maples@gmail.com,worker
448,Merry,Yoko,Merry.Yoko@yopmail.com,Merry.Yoko@gmail.com,worker
449,Roslyn,Florina,Roslyn.Florina@yopmail.com,Roslyn.Florina@gmail.com,police officer
450,Odessa,Libna,Odessa.Libna@yopmail.com,Odessa.Libna@gmail.com,worker
451,Viviene,Ummersen,Viviene.Ummersen@yopmail.com,Viviene.Ummersen@gmail.com,police officer
452,Tarra,Trey,Tarra.Trey@yopmail.com,Tarra.Trey@gmail.com,developer
453,Lynnea,Stevy,Lynnea.Stevy@yopmail.com,Lynnea.Stevy@gmail.com,worker
454,Elie,Emmaline,Elie.Emmaline@yopmail.com,Elie.Emmaline@gmail.com,doctor
455,Lynea,Kronfeld,Lynea.Kronfeld@yopmail.com,Lynea.Kronfeld@gmail.com,police officer
456,Asia,Nelsen,Asia.Nelsen@yopmail.com,Asia.Nelsen@gmail.com,developer
457,Zaria,Poll,Zaria.Poll@yopmail.com,Zaria.Poll@gmail.com,developer
458,Marcy,Gabrielli,Marcy.Gabrielli@yopmail.com,Marcy.Gabrielli@gmail.com,worker
459,Joelly,Croix,Joelly.Croix@yopmail.com,Joelly.Croix@gmail.com,firefighter
460,Georgetta,Ader,Georgetta.Ader@yopmail.com,Georgetta.Ader@gmail.com,worker
461,Cindelyn,Helfand,Cindelyn.Helfand@yopmail.com,Cindelyn.Helfand@gmail.com,firefighter
462,Nelle,Dalli,Nelle.Dalli@yopmail.com,Nelle.Dalli@gmail.com,firefighter
463,Hollie,Johanna,Hollie.Johanna@yopmail.com,Hollie.Johanna@gmail.com,doctor
464,Stephanie,Ludewig,Stephanie.Ludewig@yopmail.com,Stephanie.Ludewig@gmail.com,developer
465,Jackie,Bord,Jackie.Bord@yopmail.com,Jackie.Bord@gmail.com,firefighter
466,Dominga,McCutcheon,Dominga.McCutcheon@yopmail.com,Dominga.McCutcheon@gmail.com,firefighter
467,Minda,Aprile,Minda.Aprile@yopmail.com,Minda.Aprile@gmail.com,firefighter
468,Desirae,Kirstin,Desirae.Kirstin@yopmail.com,Desirae.Kirstin@gmail.com,firefighter
469,Clarice,Jehu,Clarice.Jehu@yopmail.com,Clarice.Jehu@gmail.com,police officer
470,Gwyneth,Clara,Gwyneth.Clara@yopmail.com,Gwyneth.Clara@gmail.com,police officer
471,Katleen,Esmaria,Katleen.Esmaria@yopmail.com,Katleen.Esmaria@gmail.com,doctor
472,Frank,Dex,Frank.Dex@yopmail.com,Frank.Dex@gmail.com,firefighter
473,Caryl,Kristi,Caryl.Kristi@yopmail.com,Caryl.Kristi@gmail.com,firefighter
474,Fred,Salvidor,Fred.Salvidor@yopmail.com,Fred.Salvidor@gmail.com,doctor
475,Yvonne,Dyche,Yvonne.Dyche@yopmail.com,Yvonne.Dyche@gmail.com,police officer
476,Trudie,Abbot,Trudie.Abbot@yopmail.com,Trudie.Abbot@gmail.com,doctor
477,Luci,Sherrie,Luci.Sherrie@yopmail.com,Luci.Sherrie@gmail.com,doctor
478,Eugine,Khorma,Eugine.Khorma@yopmail.com,Eugine.Khorma@gmail.com,doctor
479,Blondelle,Zenas,Blondelle.Zenas@yopmail.com,Blondelle.Zenas@gmail.com,police officer
480,Nikki,Erich,Nikki.Erich@yopmail.com,Nikki.Erich@gmail.com,police officer
481,Aurelie,Crudden,Aurelie.Crudden@yopmail.com,Aurelie.Crudden@gmail.com,developer
482,Kirbee,Ailyn,Kirbee.Ailyn@yopmail.com,Kirbee.Ailyn@gmail.com,developer
483,Goldie,Latini,Goldie.Latini@yopmail.com,Goldie.Latini@gmail.com,police officer
484,Ayn,Ephrem,Ayn.Ephrem@yopmail.com,Ayn.Ephrem@gmail.com,worker
485,Jany,Richers,Jany.Richers@yopmail.com,Jany.Richers@gmail.com,police officer
486,Elbertina,Allina,Elbertina.Allina@yopmail.com,Elbertina.Allina@gmail.com,doctor
487,Atlanta,Berl,Atlanta.Berl@yopmail.com,Atlanta.Berl@gmail.com,worker
488,Dyann,Raul,Dyann.Raul@yopmail.com,Dyann.Raul@gmail.com,developer
489,Trudie,Ellord,Trudie.Ellord@yopmail.com,Trudie.Ellord@gmail.com,worker
490,Cassandra,Himelman,Cassandra.Himelman@yopmail.com,Cassandra.Himelman@gmail.com,police officer
491,Cecile,Odysseus,Cecile.Odysseus@yopmail.com,Cecile.Odysseus@gmail.com,police officer
492,Jany,Nance,Jany.Nance@yopmail.com,Jany.Nance@gmail.com,police officer
493,Miquela,Gaspard,Miquela.Gaspard@yopmail.com,Miquela.Gaspard@gmail.com,developer
494,Lolita,Zamora,Lolita.Zamora@yopmail.com,Lolita.Zamora@gmail.com,police officer
495,Briney,Amasa,Briney.Amasa@yopmail.com,Briney.Amasa@gmail.com,firefighter
496,Cherrita,Grimbly,Cherrita.Grimbly@yopmail.com,Cherrita.Grimbly@gmail.com,developer
497,Feliza,Bach,Feliza.Bach@yopmail.com,Feliza.Bach@gmail.com,firefighter
498,Winifred,Genna,Winifred.Genna@yopmail.com,Winifred.Genna@gmail.com,firefighter
499,Jemie,Primalia,Jemie.Primalia@yopmail.com,Jemie.Primalia@gmail.com,doctor
500,Clo,Boehike,Clo.Boehike@yopmail.com,Clo.Boehike@gmail.com,worker
501,Kathi,Yam,Kathi.Yam@yopmail.com,Kathi.Yam@gmail.com,worker
502,Caryl,Dudley,Caryl.Dudley@yopmail.com,Caryl.Dudley@gmail.com,firefighter
503,Clary,Rudolph,Clary.Rudolph@yopmail.com,Clary.Rudolph@gmail.com,police officer
504,Bertine,August,Bertine.August@yopmail.com,Bertine.August@gmail.com,police officer
505,Deane,Narton,Deane.Narton@yopmail.com,Deane.Narton@gmail.com,doctor
506,Jaime,Sabella,Jaime.Sabella@yopmail.com,Jaime.Sabella@gmail.com,police officer
507,Dode,Colbert,Dode.Colbert@yopmail.com,Dode.Colbert@gmail.com,firefighter
508,Clo,Llovera,Clo.Llovera@yopmail.com,Clo.Llovera@gmail.com,worker
509,Marleah,Chick,Marleah.Chick@yopmail.com,Marleah.Chick@gmail.com,doctor
510,Cassandra,Thornburg,Cassandra.Thornburg@yopmail.com,Cassandra.Thornburg@gmail.com,firefighter
511,Elka,Han,Elka.Han@yopmail.com,Elka.Han@gmail.com,firefighter
512,Kellen,Revkah,Kellen.Revkah@yopmail.com,Kellen.Revkah@gmail.com,developer
513,Binny,Dom,Binny.Dom@yopmail.com,Binny.Dom@gmail.com,doctor
514,Mary,Prober,Mary.Prober@yopmail.com,Mary.Prober@gmail.com,worker
515,Corina,Kronfeld,Corina.Kronfeld@yopmail.com,Corina.Kronfeld@gmail.com,firefighter
516,Clarice,Redmond,Clarice.Redmond@yopmail.com,Clarice.Redmond@gmail.com,firefighter
517,Briney,Mitzi,Briney.Mitzi@yopmail.com,Briney.Mitzi@gmail.com,doctor
518,Aeriela,Othilia,Aeriela.Othilia@yopmail.com,Aeriela.Othilia@gmail.com,firefighter
519,Ronna,Devlen,Ronna.Devlen@yopmail.com,Ronna.Devlen@gmail.com,police officer
520,Johna,Whiffen,Johna.Whiffen@yopmail.com,Johna.Whiffen@gmail.com,police officer
521,Jerry,Rhu,Jerry.Rhu@yopmail.com,Jerry.Rhu@gmail.com,police officer
522,Kate,Jillane,Kate.Jillane@yopmail.com,Kate.Jillane@gmail.com,developer
523,Clementine,Rosemary,Clementine.Rosemary@yopmail.com,Clementine.Rosemary@gmail.com,firefighter
524,Bettine,Fabiola,Bettine.Fabiola@yopmail.com,Bettine.Fabiola@gmail.com,doctor
525,Talya,Tamar,Talya.Tamar@yopmail.com,Talya.Tamar@gmail.com,doctor
526,Minda,Masao,Minda.Masao@yopmail.com,Minda.Masao@gmail.com,developer
527,Joane,Clie,Joane.Clie@yopmail.com,Joane.Clie@gmail.com,worker
528,Danny,Joli,Danny.Joli@yopmail.com,Danny.Joli@gmail.com,doctor
529,Harmonia,Schlosser,Harmonia.Schlosser@yopmail.com,Harmonia.Schlosser@gmail.com,firefighter
530,Sheree,Nicoline,Sheree.Nicoline@yopmail.com,Sheree.Nicoline@gmail.com,developer
531,Ardenia,Vale,Ardenia.Vale@yopmail.com,Ardenia.Vale@gmail.com,police officer
532,Augustine,Donell,Augustine.Donell@yopmail.com,Augustine.Donell@gmail.com,firefighter
533,Nananne,Lacombe,Nananne.Lacombe@yopmail.com,Nananne.Lacombe@gmail.com,developer
534,Carmencita,Reinke,Carmencita.Reinke@yopmail.com,Carmencita.Reinke@gmail.com,worker
535,Annaliese,Vernier,Annaliese.Vernier@yopmail.com,Annaliese.Vernier@gmail.com,developer
536,Dulcinea,Bates,Dulcinea.Bates@yopmail.com,Dulcinea.Bates@gmail.com,developer
537,Cristabel,Idelia,Cristabel.Idelia@yopmail.com,Cristabel.Idelia@gmail.com,worker
538,Carilyn,Damarra,Carilyn.Damarra@yopmail.com,Carilyn.Damarra@gmail.com,doctor
539,Cissiee,Brenn,Cissiee.Brenn@yopmail.com,Cissiee.Brenn@gmail.com,doctor
540,Linet,Melleta,Linet.Melleta@yopmail.com,Linet.Melleta@gmail.com,developer
541,Gusella,Malvino,Gusella.Malvino@yopmail.com,Gusella.Malvino@gmail.com,worker
542,Lindie,Lenny,Lindie.Lenny@yopmail.com,Lindie.Lenny@gmail.com,developer
543,Emma,Baudin,Emma.Baudin@yopmail.com,Emma.Baudin@gmail.com,worker
544,Sallie,Jammal,Sallie.Jammal@yopmail.com,Sallie.Jammal@gmail.com,doctor
545,Marnia,Tayib,Marnia.Tayib@yopmail.com,Marnia.Tayib@gmail.com,doctor
546,Claresta,Mehalek,Claresta.Mehalek@yopmail.com,Claresta.Mehalek@gmail.com,worker
547,Amelia,Chabot,Amelia.Chabot@yopmail.com,Amelia.Chabot@gmail.com,doctor
548,Livvyy,Olympium,Livvyy.Olympium@yopmail.com,Livvyy.Olympium@gmail.com,worker
549,Nonnah,Bouchard,Nonnah.Bouchard@yopmail.com,Nonnah.Bouchard@gmail.com,police officer
550,Almeta,Obed,Almeta.Obed@yopmail.com,Almeta.Obed@gmail.com,police officer
551,Starla,Vastah,Starla.Vastah@yopmail.com,Starla.Vastah@gmail.com,police officer
552,Aurelie,Cecile,Aurelie.Cecile@yopmail.com,Aurelie.Cecile@gmail.com,developer
553,Sonni,Docilla,Sonni.Docilla@yopmail.com,Sonni.Docilla@gmail.com,developer
554,Doralynne,Vivle,Doralynne.Vivle@yopmail.com,Doralynne.Vivle@gmail.com,developer
555,Melisent,Haymes,Melisent.Haymes@yopmail.com,Melisent.Haymes@gmail.com,firefighter
556,Winny,Lorain,Winny.Lorain@yopmail.com,Winny.Lorain@gmail.com,firefighter
557,Aili,Neils,Aili.Neils@yopmail.com,Aili.Neils@gmail.com,doctor
558,Selia,Anton,Selia.Anton@yopmail.com,Selia.Anton@gmail.com,police officer
559,Zaria,Lasley,Zaria.Lasley@yopmail.com,Zaria.Lasley@gmail.com,developer
560,Corene,Vanni,Corene.Vanni@yopmail.com,Corene.Vanni@gmail.com,worker
561,Joane,Konyn,Joane.Konyn@yopmail.com,Joane.Konyn@gmail.com,developer
562,Gloria,Monk,Gloria.Monk@yopmail.com,Gloria.Monk@gmail.com,firefighter
563,Berget,Persse,Berget.Persse@yopmail.com,Berget.Persse@gmail.com,firefighter
564,Dyann,Buckler,Dyann.Buckler@yopmail.com,Dyann.Buckler@gmail.com,firefighter
565,Karly,Zeeba,Karly.Zeeba@yopmail.com,Karly.Zeeba@gmail.com,worker
566,Romona,Imelida,Romona.Imelida@yopmail.com,Romona.Imelida@gmail.com,firefighter
567,Addia,Arquit,Addia.Arquit@yopmail.com,Addia.Arquit@gmail.com,police officer
568,Mara,Garlinda,Mara.Garlinda@yopmail.com,Mara.Garlinda@gmail.com,developer
569,Wilma,Sundin,Wilma.Sundin@yopmail.com,Wilma.Sundin@gmail.com,doctor
570,Glynnis,Zuzana,Glynnis.Zuzana@yopmail.com,Glynnis.Zuzana@gmail.com,developer
571,Cristine,Tryck,Cristine.Tryck@yopmail.com,Cristine.Tryck@gmail.com,developer
572,Kore,Rillings,Kore.Rillings@yopmail.com,Kore.Rillings@gmail.com,worker
573,Elbertina,Ashok,Elbertina.Ashok@yopmail.com,Elbertina.Ashok@gmail.com,firefighter
574,Harrietta,Cadmar,Harrietta.Cadmar@yopmail.com,Harrietta.Cadmar@gmail.com,doctor
575,Blondelle,Melony,Blondelle.Melony@yopmail.com,Blondelle.Melony@gmail.com,firefighter
576,Cassandra,Dosia,Cassandra.Dosia@yopmail.com,Cassandra.Dosia@gmail.com,firefighter
577,Evaleen,Tice,Evaleen.Tice@yopmail.com,Evaleen.Tice@gmail.com,firefighter
578,Annaliese,Argus,Annaliese.Argus@yopmail.com,Annaliese.Argus@gmail.com,police officer
579,Eadie,Zina,Eadie.Zina@yopmail.com,Eadie.Zina@gmail.com,police officer
580,Gerrie,Anyah,Gerrie.Anyah@yopmail.com,Gerrie.Anyah@gmail.com,police officer
581,Philis,Stilwell,Philis.Stilwell@yopmail.com,Philis.Stilwell@gmail.com,firefighter
582,Catharine,Vins,Catharine.Vins@yopmail.com,Catharine.Vins@gmail.com,firefighter
583,Jillayne,Publia,Jillayne.Publia@yopmail.com,Jillayne.Publia@gmail.com,doctor
584,Andeee,Cyrie,Andeee.Cyrie@yopmail.com,Andeee.Cyrie@gmail.com,developer
585,Leia,Israeli,Leia.Israeli@yopmail.com,Leia.Israeli@gmail.com,developer
586,Merle,Taam,Merle.Taam@yopmail.com,Merle.Taam@gmail.com,worker
587,Penelopa,Dowski,Penelopa.Dowski@yopmail.com,Penelopa.Dowski@gmail.com,worker
588,Celisse,Gavrila,Celisse.Gavrila@yopmail.com,Celisse.Gavrila@gmail.com,firefighter
589,Atlanta,Atonsah,Atlanta.Atonsah@yopmail.com,Atlanta.Atonsah@gmail.com,firefighter
590,Valeda,Bevin,Valeda.Bevin@yopmail.com,Valeda.Bevin@gmail.com,police officer
591,Kial,Havens,Kial.Havens@yopmail.com,Kial.Havens@gmail.com,firefighter
592,Delilah,Havens,Delilah.Havens@yopmail.com,Delilah.Havens@gmail.com,developer
593,Minne,Niles,Minne.Niles@yopmail.com,Minne.Niles@gmail.com,firefighter
594,Eolanda,Bates,Eolanda.Bates@yopmail.com,Eolanda.Bates@gmail.com,developer
595,Marjie,Federica,Marjie.Federica@yopmail.com,Marjie.Federica@gmail.com,police officer
596,Jaime,Cordi,Jaime.Cordi@yopmail.com,Jaime.Cordi@gmail.com,doctor
597,Albertina,Narton,Albertina.Narton@yopmail.com,Albertina.Narton@gmail.com,police officer
598,Lolita,Cressida,Lolita.Cressida@yopmail.com,Lolita.Cressida@gmail.com,developer
599,Nananne,Pacorro,Nananne.Pacorro@yopmail.com,Nananne.Pacorro@gmail.com,developer
600,Starla,Sisile,Starla.Sisile@yopmail.com,Starla.Sisile@gmail.com,firefighter
601,Jemie,Ietta,Jemie.Ietta@yopmail.com,Jemie.Ietta@gmail.com,worker
602,Hermione,Norvol,Hermione.Norvol@yopmail.com,Hermione.Norvol@gmail.com,doctor
603,Stephanie,Anderea,Stephanie.Anderea@yopmail.com,Stephanie.Anderea@gmail.com,doctor
604,Frank,Pattin,Frank.Pattin@yopmail.com,Frank.Pattin@gmail.com,developer
605,Carly,Chinua,Carly.Chinua@yopmail.com,Carly.Chinua@gmail.com,police officer
606,Sybille,Narton,Sybille.Narton@yopmail.com,Sybille.Narton@gmail.com,doctor
607,Arlina,Mintz,Arlina.Mintz@yopmail.com,Arlina.Mintz@gmail.com,developer
608,Nonnah,Ralfston,Nonnah.Ralfston@yopmail.com,Nonnah.Ralfston@gmail.com,doctor
609,Donnie,Taima,Donnie.Taima@yopmail.com,Donnie.Taima@gmail.com,worker
610,Ana,Han,Ana.Han@yopmail.com,Ana.Han@gmail.com,worker
611,Bettine,Martsen,Bettine.Martsen@yopmail.com,Bettine.Martsen@gmail.com,police officer
612,Beth,Brotherson,Beth.Brotherson@yopmail.com,Beth.Brotherson@gmail.com,doctor
613,Cindelyn,Bettine,Cindelyn.Bettine@yopmail.com,Cindelyn.Bettine@gmail.com,worker
614,Veda,Cristi,Veda.Cristi@yopmail.com,Veda.Cristi@gmail.com,firefighter
615,Nyssa,Quent,Nyssa.Quent@yopmail.com,Nyssa.Quent@gmail.com,worker
616,Dagmar,Remmer,Dagmar.Remmer@yopmail.com,Dagmar.Remmer@gmail.com,doctor
617,Anestassia,Yam,Anestassia.Yam@yopmail.com,Anestassia.Yam@gmail.com,developer
618,Genevra,Liebermann,Genevra.Liebermann@yopmail.com,Genevra.Liebermann@gmail.com,firefighter
619,Leontine,Doig,Leontine.Doig@yopmail.com,Leontine.Doig@gmail.com,developer
620,Marinna,Ietta,Marinna.Ietta@yopmail.com,Marinna.Ietta@gmail.com,police officer
621,Cordi,Maiah,Cordi.Maiah@yopmail.com,Cordi.Maiah@gmail.com,worker
622,Jerry,Dunkin,Jerry.Dunkin@yopmail.com,Jerry.Dunkin@gmail.com,worker
623,Gloria,Ranjiv,Gloria.Ranjiv@yopmail.com,Gloria.Ranjiv@gmail.com,firefighter
624,Aurore,Revkah,Aurore.Revkah@yopmail.com,Aurore.Revkah@gmail.com,developer
625,Belva,Ellerey,Belva.Ellerey@yopmail.com,Belva.Ellerey@gmail.com,doctor
626,Frank,Holtz,Frank.Holtz@yopmail.com,Frank.Holtz@gmail.com,developer
627,Jemie,Rona,Jemie.Rona@yopmail.com,Jemie.Rona@gmail.com,police officer
628,Ketti,Maples,Ketti.Maples@yopmail.com,Ketti.Maples@gmail.com,doctor
629,Roslyn,Anselmi,Roslyn.Anselmi@yopmail.com,Roslyn.Anselmi@gmail.com,developer
630,Nanete,Screens,Nanete.Screens@yopmail.com,Nanete.Screens@gmail.com,firefighter
631,Laure,Sherrie,Laure.Sherrie@yopmail.com,Laure.Sherrie@gmail.com,police officer
632,Dolli,Salvidor,Dolli.Salvidor@yopmail.com,Dolli.Salvidor@gmail.com,doctor
633,Di,Markman,Di.Markman@yopmail.com,Di.Markman@gmail.com,doctor
634,Audrie,Avi,Audrie.Avi@yopmail.com,Audrie.Avi@gmail.com,firefighter
635,Liana,Herrera,Liana.Herrera@yopmail.com,Liana.Herrera@gmail.com,developer
636,Charmaine,Rhu,Charmaine.Rhu@yopmail.com,Charmaine.Rhu@gmail.com,firefighter
637,Priscilla,Center,Priscilla.Center@yopmail.com,Priscilla.Center@gmail.com,worker
638,Petronia,Azeria,Petronia.Azeria@yopmail.com,Petronia.Azeria@gmail.com,doctor
639,Sophia,Emmaline,Sophia.Emmaline@yopmail.com,Sophia.Emmaline@gmail.com,police officer
640,Julieta,Croix,Julieta.Croix@yopmail.com,Julieta.Croix@gmail.com,firefighter
641,Amii,Suk,Amii.Suk@yopmail.com,Amii.Suk@gmail.com,doctor
642,Lonnie,Merriott,Lonnie.Merriott@yopmail.com,Lonnie.Merriott@gmail.com,police officer
643,Katharina,Ezar,Katharina.Ezar@yopmail.com,Katharina.Ezar@gmail.com,firefighter
644,Petronia,Hartnett,Petronia.Hartnett@yopmail.com,Petronia.Hartnett@gmail.com,developer
645,Madelle,Cressida,Madelle.Cressida@yopmail.com,Madelle.Cressida@gmail.com,worker
646,Anthia,Tufts,Anthia.Tufts@yopmail.com,Anthia.Tufts@gmail.com,doctor
647,Sonni,Margret,Sonni.Margret@yopmail.com,Sonni.Margret@gmail.com,firefighter
648,Andree,Scammon,Andree.Scammon@yopmail.com,Andree.Scammon@gmail.com,doctor
649,Riannon,Arquit,Riannon.Arquit@yopmail.com,Riannon.Arquit@gmail.com,firefighter
650,Glynnis,Darian,Glynnis.Darian@yopmail.com,Glynnis.Darian@gmail.com,police officer
651,Johna,Llovera,Johna.Llovera@yopmail.com,Johna.Llovera@gmail.com,worker
652,Debee,Adore,Debee.Adore@yopmail.com,Debee.Adore@gmail.com,worker
653,Modestia,Christine,Modestia.Christine@yopmail.com,Modestia.Christine@gmail.com,developer
654,Rani,Phaidra,Rani.Phaidra@yopmail.com,Rani.Phaidra@gmail.com,police officer
655,Christy,Janith,Christy.Janith@yopmail.com,Christy.Janith@gmail.com,police officer
656,Korrie,Gilmour,Korrie.Gilmour@yopmail.com,Korrie.Gilmour@gmail.com,developer
657,Jemie,Pelagias,Jemie.Pelagias@yopmail.com,Jemie.Pelagias@gmail.com,developer
658,Layla,Lubin,Layla.Lubin@yopmail.com,Layla.Lubin@gmail.com,doctor
659,Hettie,Ambrosia,Hettie.Ambrosia@yopmail.com,Hettie.Ambrosia@gmail.com,worker
660,Teriann,Christine,Teriann.Christine@yopmail.com,Teriann.Christine@gmail.com,worker
661,Amalie,Clie,Amalie.Clie@yopmail.com,Amalie.Clie@gmail.com,doctor
662,Sindee,Ellord,Sindee.Ellord@yopmail.com,Sindee.Ellord@gmail.com,police officer
663,Ottilie,Standing,Ottilie.Standing@yopmail.com,Ottilie.Standing@gmail.com,doctor
664,Dorothy,Chick,Dorothy.Chick@yopmail.com,Dorothy.Chick@gmail.com,police officer
665,Melanie,Buttaro,Melanie.Buttaro@yopmail.com,Melanie.Buttaro@gmail.com,doctor
666,Melina,Hashim,Melina.Hashim@yopmail.com,Melina.Hashim@gmail.com,police officer
667,Nonnah,Colyer,Nonnah.Colyer@yopmail.com,Nonnah.Colyer@gmail.com,firefighter
668,Yolane,Meter,Yolane.Meter@yopmail.com,Yolane.Meter@gmail.com,police officer
669,Georgina,Toni,Georgina.Toni@yopmail.com,Georgina.Toni@gmail.com,firefighter
670,Oralee,Henebry,Oralee.Henebry@yopmail.com,Oralee.Henebry@gmail.com,worker
671,Renie,Tayib,Renie.Tayib@yopmail.com,Renie.Tayib@gmail.com,firefighter
672,Tilly,Lissi,Tilly.Lissi@yopmail.com,Tilly.Lissi@gmail.com,firefighter
673,Queenie,Sammons,Queenie.Sammons@yopmail.com,Queenie.Sammons@gmail.com,worker
674,Marline,Amasa,Marline.Amasa@yopmail.com,Marline.Amasa@gmail.com,developer
675,Zsa Zsa,Gwenore,Zsa Zsa.Gwenore@yopmail.com,Zsa Zsa.Gwenore@gmail.com,firefighter
676,Selia,Mandler,Selia.Mandler@yopmail.com,Selia.Mandler@gmail.com,developer
677,Hermione,Genna,Hermione.Genna@yopmail.com,Hermione.Genna@gmail.com,worker
678,Kayla,Wooster,Kayla.Wooster@yopmail.com,Kayla.Wooster@gmail.com,doctor
679,Kara-Lynn,Hunfredo,Kara-Lynn.Hunfredo@yopmail.com,Kara-Lynn.Hunfredo@gmail.com,firefighter
680,Marcelline,Kravits,Marcelline.Kravits@yopmail.com,Marcelline.Kravits@gmail.com,firefighter
681,Caritta,Ax,Caritta.Ax@yopmail.com,Caritta.Ax@gmail.com,doctor
682,Asia,Melan,Asia.Melan@yopmail.com,Asia.Melan@gmail.com,police officer
683,Nickie,Kare,Nickie.Kare@yopmail.com,Nickie.Kare@gmail.com,doctor
684,Jordan,Lytton,Jordan.Lytton@yopmail.com,Jordan.Lytton@gmail.com,doctor
685,Hallie,Sheedy,Hallie.Sheedy@yopmail.com,Hallie.Sheedy@gmail.com,firefighter
686,Giustina,Millda,Giustina.Millda@yopmail.com,Giustina.Millda@gmail.com,firefighter
687,Giustina,Bibi,Giustina.Bibi@yopmail.com,Giustina.Bibi@gmail.com,police officer
688,Hope,Fancie,Hope.Fancie@yopmail.com,Hope.Fancie@gmail.com,doctor
689,Latisha,Cornelia,Latisha.Cornelia@yopmail.com,Latisha.Cornelia@gmail.com,developer
690,Amalie,Kimmie,Amalie.Kimmie@yopmail.com,Amalie.Kimmie@gmail.com,doctor
691,Susan,Gino,Susan.Gino@yopmail.com,Susan.Gino@gmail.com,developer
692,Selia,Phi,Selia.Phi@yopmail.com,Selia.Phi@gmail.com,firefighter
693,Ulrike,Wu,Ulrike.Wu@yopmail.com,Ulrike.Wu@gmail.com,doctor
694,Janis,An,Janis.An@yopmail.com,Janis.An@gmail.com,developer
695,Meriel,Thad,Meriel.Thad@yopmail.com,Meriel.Thad@gmail.com,firefighter
696,Cissiee,Schalles,Cissiee.Schalles@yopmail.com,Cissiee.Schalles@gmail.com,firefighter
697,Rayna,Konyn,Rayna.Konyn@yopmail.com,Rayna.Konyn@gmail.com,developer
698,Inga,Mandler,Inga.Mandler@yopmail.com,Inga.Mandler@gmail.com,worker
699,Neila,Bettine,Neila.Bettine@yopmail.com,Neila.Bettine@gmail.com,firefighter
700,Tilly,Voletta,Tilly.Voletta@yopmail.com,Tilly.Voletta@gmail.com,firefighter
701,Caressa,Vilma,Caressa.Vilma@yopmail.com,Caressa.Vilma@gmail.com,doctor
702,Zia,LaRue,Zia.LaRue@yopmail.com,Zia.LaRue@gmail.com,doctor
703,Margarette,Swanhildas,Margarette.Swanhildas@yopmail.com,Margarette.Swanhildas@gmail.com,worker
704,Orelia,Koehler,Orelia.Koehler@yopmail.com,Orelia.Koehler@gmail.com,developer
705,Feliza,Gaal,Feliza.Gaal@yopmail.com,Feliza.Gaal@gmail.com,developer
706,Helena,Pond,Helena.Pond@yopmail.com,Helena.Pond@gmail.com,doctor
707,Tarra,Birdella,Tarra.Birdella@yopmail.com,Tarra.Birdella@gmail.com,firefighter
708,Aili,Pearse,Aili.Pearse@yopmail.com,Aili.Pearse@gmail.com,firefighter
709,Aubrie,Merat,Aubrie.Merat@yopmail.com,Aubrie.Merat@gmail.com,police officer
710,Damaris,McLaughlin,Damaris.McLaughlin@yopmail.com,Damaris.McLaughlin@gmail.com,doctor
711,Dorice,Stacy,Dorice.Stacy@yopmail.com,Dorice.Stacy@gmail.com,worker
712,Ezmeralda,Saunderson,Ezmeralda.Saunderson@yopmail.com,Ezmeralda.Saunderson@gmail.com,doctor
713,Xylina,Dalli,Xylina.Dalli@yopmail.com,Xylina.Dalli@gmail.com,developer
714,Ginnie,Septima,Ginnie.Septima@yopmail.com,Ginnie.Septima@gmail.com,worker
715,Amara,Carey,Amara.Carey@yopmail.com,Amara.Carey@gmail.com,doctor
716,Gratia,Tybald,Gratia.Tybald@yopmail.com,Gratia.Tybald@gmail.com,police officer
717,Jinny,Tengdin,Jinny.Tengdin@yopmail.com,Jinny.Tengdin@gmail.com,police officer
718,Nickie,Ventre,Nickie.Ventre@yopmail.com,Nickie.Ventre@gmail.com,worker
719,Lynde,Gaynor,Lynde.Gaynor@yopmail.com,Lynde.Gaynor@gmail.com,developer
720,Dorthy,Baptlsta,Dorthy.Baptlsta@yopmail.com,Dorthy.Baptlsta@gmail.com,firefighter
721,Ronna,Mott,Ronna.Mott@yopmail.com,Ronna.Mott@gmail.com,doctor
722,Madalyn,Ackerley,Madalyn.Ackerley@yopmail.com,Madalyn.Ackerley@gmail.com,police officer
723,Marjie,Fontana,Marjie.Fontana@yopmail.com,Marjie.Fontana@gmail.com,developer
724,Lacie,Silvan,Lacie.Silvan@yopmail.com,Lacie.Silvan@gmail.com,developer
725,Jan,Shaver,Jan.Shaver@yopmail.com,Jan.Shaver@gmail.com,worker
726,Vere,Meli,Vere.Meli@yopmail.com,Vere.Meli@gmail.com,developer
727,Kylynn,Stelle,Kylynn.Stelle@yopmail.com,Kylynn.Stelle@gmail.com,worker
728,Gabi,Sprage,Gabi.Sprage@yopmail.com,Gabi.Sprage@gmail.com,firefighter
729,Starla,Ader,Starla.Ader@yopmail.com,Starla.Ader@gmail.com,police officer
730,Latisha,Ranjiv,Latisha.Ranjiv@yopmail.com,Latisha.Ranjiv@gmail.com,worker
731,Madalyn,Carbo,Madalyn.Carbo@yopmail.com,Madalyn.Carbo@gmail.com,worker
732,Joane,Granoff,Joane.Granoff@yopmail.com,Joane.Granoff@gmail.com,police officer
733,Deloria,Malvino,Deloria.Malvino@yopmail.com,Deloria.Malvino@gmail.com,firefighter
734,Regina,Revkah,Regina.Revkah@yopmail.com,Regina.Revkah@gmail.com,doctor
735,Belva,Ovid,Belva.Ovid@yopmail.com,Belva.Ovid@gmail.com,worker
736,Rhea,Hedve,Rhea.Hedve@yopmail.com,Rhea.Hedve@gmail.com,worker
737,Evaleen,Frendel,Evaleen.Frendel@yopmail.com,Evaleen.Frendel@gmail.com,worker
738,Angela,Remmer,Angela.Remmer@yopmail.com,Angela.Remmer@gmail.com,worker
739,Heddie,Daniele,Heddie.Daniele@yopmail.com,Heddie.Daniele@gmail.com,firefighter
740,Cyndie,Linehan,Cyndie.Linehan@yopmail.com,Cyndie.Linehan@gmail.com,developer
741,Phylis,Maiah,Phylis.Maiah@yopmail.com,Phylis.Maiah@gmail.com,developer
742,Gerianna,Kristi,Gerianna.Kristi@yopmail.com,Gerianna.Kristi@gmail.com,doctor
743,Amelia,Evvie,Amelia.Evvie@yopmail.com,Amelia.Evvie@gmail.com,doctor
744,Karolina,Bates,Karolina.Bates@yopmail.com,Karolina.Bates@gmail.com,developer
745,Gusty,Rooney,Gusty.Rooney@yopmail.com,Gusty.Rooney@gmail.com,firefighter
746,Katuscha,Amasa,Katuscha.Amasa@yopmail.com,Katuscha.Amasa@gmail.com,doctor
747,Gerianna,Cath,Gerianna.Cath@yopmail.com,Gerianna.Cath@gmail.com,police officer
748,Inga,Connelly,Inga.Connelly@yopmail.com,Inga.Connelly@gmail.com,developer
749,Morganica,Lissi,Morganica.Lissi@yopmail.com,Morganica.Lissi@gmail.com,firefighter
750,Winny,Jalbert,Winny.Jalbert@yopmail.com,Winny.Jalbert@gmail.com,doctor
751,Kenna,Jehu,Kenna.Jehu@yopmail.com,Kenna.Jehu@gmail.com,worker
752,Marcy,Henebry,Marcy.Henebry@yopmail.com,Marcy.Henebry@gmail.com,worker
753,Jerry,Barbey,Jerry.Barbey@yopmail.com,Jerry.Barbey@gmail.com,firefighter
754,Petronia,Dudley,Petronia.Dudley@yopmail.com,Petronia.Dudley@gmail.com,firefighter
755,Carilyn,Giff,Carilyn.Giff@yopmail.com,Carilyn.Giff@gmail.com,developer
756,Edith,Hepsibah,Edith.Hepsibah@yopmail.com,Edith.Hepsibah@gmail.com,police officer
757,Melodie,Seligman,Melodie.Seligman@yopmail.com,Melodie.Seligman@gmail.com,developer
758,Jinny,Justinn,Jinny.Justinn@yopmail.com,Jinny.Justinn@gmail.com,developer
759,Thalia,Buffum,Thalia.Buffum@yopmail.com,Thalia.Buffum@gmail.com,worker
760,Agnese,Cavan,Agnese.Cavan@yopmail.com,Agnese.Cavan@gmail.com,doctor
761,Kimberley,Iiette,Kimberley.Iiette@yopmail.com,Kimberley.Iiette@gmail.com,doctor
762,Candi,Faust,Candi.Faust@yopmail.com,Candi.Faust@gmail.com,doctor
763,Kittie,Koehler,Kittie.Koehler@yopmail.com,Kittie.Koehler@gmail.com,police officer
764,Anallese,Gaal,Anallese.Gaal@yopmail.com,Anallese.Gaal@gmail.com,developer
765,Lita,Zina,Lita.Zina@yopmail.com,Lita.Zina@gmail.com,firefighter
766,Ingrid,Naor,Ingrid.Naor@yopmail.com,Ingrid.Naor@gmail.com,doctor
767,Addia,McCutcheon,Addia.McCutcheon@yopmail.com,Addia.McCutcheon@gmail.com,developer
768,Amara,Westphal,Amara.Westphal@yopmail.com,Amara.Westphal@gmail.com,doctor
769,Randa,Nester,Randa.Nester@yopmail.com,Randa.Nester@gmail.com,police officer
770,Johna,Lissi,Johna.Lissi@yopmail.com,Johna.Lissi@gmail.com,doctor
771,Annaliese,Ivens,Annaliese.Ivens@yopmail.com,Annaliese.Ivens@gmail.com,doctor
772,Claresta,Rheingold,Claresta.Rheingold@yopmail.com,Claresta.Rheingold@gmail.com,doctor
773,Ronna,Halsey,Ronna.Halsey@yopmail.com,Ronna.Halsey@gmail.com,firefighter
774,Althea,Raseda,Althea.Raseda@yopmail.com,Althea.Raseda@gmail.com,firefighter
775,Starla,Douglass,Starla.Douglass@yopmail.com,Starla.Douglass@gmail.com,police officer
776,Deloria,Anselmi,Deloria.Anselmi@yopmail.com,Deloria.Anselmi@gmail.com,developer
777,Sashenka,Martsen,Sashenka.Martsen@yopmail.com,Sashenka.Martsen@gmail.com,firefighter
778,Celestyna,Ephrem,Celestyna.Ephrem@yopmail.com,Celestyna.Ephrem@gmail.com,firefighter
779,Kara-Lynn,Gamaliel,Kara-Lynn.Gamaliel@yopmail.com,Kara-Lynn.Gamaliel@gmail.com,worker
780,Amelia,Gibbeon,Amelia.Gibbeon@yopmail.com,Amelia.Gibbeon@gmail.com,police officer
781,Madeleine,Seessel,Madeleine.Seessel@yopmail.com,Madeleine.Seessel@gmail.com,police officer
782,Maurene,Wilona,Maurene.Wilona@yopmail.com,Maurene.Wilona@gmail.com,developer
783,Nyssa,Shirberg,Nyssa.Shirberg@yopmail.com,Nyssa.Shirberg@gmail.com,developer
784,Georgina,Roarke,Georgina.Roarke@yopmail.com,Georgina.Roarke@gmail.com,worker
785,Gusella,Flita,Gusella.Flita@yopmail.com,Gusella.Flita@gmail.com,police officer
786,Selma,Fosque,Selma.Fosque@yopmail.com,Selma.Fosque@gmail.com,worker
787,Katuscha,Baudin,Katuscha.Baudin@yopmail.com,Katuscha.Baudin@gmail.com,developer
788,Raina,Harriman,Raina.Harriman@yopmail.com,Raina.Harriman@gmail.com,worker
789,Carilyn,Hailee,Carilyn.Hailee@yopmail.com,Carilyn.Hailee@gmail.com,worker
790,Elvira,Desai,Elvira.Desai@yopmail.com,Elvira.Desai@gmail.com,worker
791,Chickie,Nelsen,Chickie.Nelsen@yopmail.com,Chickie.Nelsen@gmail.com,police officer
792,Laure,Desai,Laure.Desai@yopmail.com,Laure.Desai@gmail.com,doctor
793,Sonni,Melan,Sonni.Melan@yopmail.com,Sonni.Melan@gmail.com,doctor
794,Susan,Marsden,Susan.Marsden@yopmail.com,Susan.Marsden@gmail.com,worker
795,Dede,Magdalen,Dede.Magdalen@yopmail.com,Dede.Magdalen@gmail.com,doctor
796,Minne,Gaynor,Minne.Gaynor@yopmail.com,Minne.Gaynor@gmail.com,developer
797,Dorice,Manolo,Dorice.Manolo@yopmail.com,Dorice.Manolo@gmail.com,firefighter
798,Lelah,Sibyls,Lelah.Sibyls@yopmail.com,Lelah.Sibyls@gmail.com,firefighter
799,Fred,Paine,Fred.Paine@yopmail.com,Fred.Paine@gmail.com,police officer
800,Rosanne,Bouchard,Rosanne.Bouchard@yopmail.com,Rosanne.Bouchard@gmail.com,firefighter
801,Ira,Haymes,Ira.Haymes@yopmail.com,Ira.Haymes@gmail.com,firefighter
802,Sybille,Parsaye,Sybille.Parsaye@yopmail.com,Sybille.Parsaye@gmail.com,firefighter
803,Magdalena,Ciro,Magdalena.Ciro@yopmail.com,Magdalena.Ciro@gmail.com,police officer
804,Sarette,Wenda,Sarette.Wenda@yopmail.com,Sarette.Wenda@gmail.com,developer
805,Nariko,Si,Nariko.Si@yopmail.com,Nariko.Si@gmail.com,doctor
806,Trixi,Kolnick,Trixi.Kolnick@yopmail.com,Trixi.Kolnick@gmail.com,worker
807,Christy,Chem,Christy.Chem@yopmail.com,Christy.Chem@gmail.com,doctor
808,Ann-Marie,Wareing,Ann-Marie.Wareing@yopmail.com,Ann-Marie.Wareing@gmail.com,police officer
809,Jan,Olin,Jan.Olin@yopmail.com,Jan.Olin@gmail.com,worker
810,Elise,Jotham,Elise.Jotham@yopmail.com,Elise.Jotham@gmail.com,firefighter
811,Gabriellia,Zina,Gabriellia.Zina@yopmail.com,Gabriellia.Zina@gmail.com,doctor
812,Annice,Gaynor,Annice.Gaynor@yopmail.com,Annice.Gaynor@gmail.com,police officer
813,Molli,Marsden,Molli.Marsden@yopmail.com,Molli.Marsden@gmail.com,developer
814,Paule,Bari,Paule.Bari@yopmail.com,Paule.Bari@gmail.com,developer
815,Wilma,Darrell,Wilma.Darrell@yopmail.com,Wilma.Darrell@gmail.com,police officer
816,Rosabelle,Hanshaw,Rosabelle.Hanshaw@yopmail.com,Rosabelle.Hanshaw@gmail.com,police officer
817,Livvyy,Pond,Livvyy.Pond@yopmail.com,Livvyy.Pond@gmail.com,police officer
818,Elka,Anselmi,Elka.Anselmi@yopmail.com,Elka.Anselmi@gmail.com,police officer
819,Corry,Wildermuth,Corry.Wildermuth@yopmail.com,Corry.Wildermuth@gmail.com,worker
820,Jolyn,Hedve,Jolyn.Hedve@yopmail.com,Jolyn.Hedve@gmail.com,developer
821,Caryl,Pelagias,Caryl.Pelagias@yopmail.com,Caryl.Pelagias@gmail.com,developer
822,Carly,Leary,Carly.Leary@yopmail.com,Carly.Leary@gmail.com,worker
823,Roxane,Buttaro,Roxane.Buttaro@yopmail.com,Roxane.Buttaro@gmail.com,police officer
824,Phedra,Virgin,Phedra.Virgin@yopmail.com,Phedra.Virgin@gmail.com,developer
825,Elfreda,Scammon,Elfreda.Scammon@yopmail.com,Elfreda.Scammon@gmail.com,developer
826,Alisha,Obed,Alisha.Obed@yopmail.com,Alisha.Obed@gmail.com,worker
827,Jean,Marisa,Jean.Marisa@yopmail.com,Jean.Marisa@gmail.com,developer
828,Gianina,Gherardo,Gianina.Gherardo@yopmail.com,Gianina.Gherardo@gmail.com,worker
829,Gaylene,Rodmann,Gaylene.Rodmann@yopmail.com,Gaylene.Rodmann@gmail.com,doctor
830,Ardeen,Leler,Ardeen.Leler@yopmail.com,Ardeen.Leler@gmail.com,developer
831,Betta,Constancy,Betta.Constancy@yopmail.com,Betta.Constancy@gmail.com,developer
832,Loree,Kaja,Loree.Kaja@yopmail.com,Loree.Kaja@gmail.com,developer
833,Lesly,My,Lesly.My@yopmail.com,Lesly.My@gmail.com,police officer
834,Britni,Lytton,Britni.Lytton@yopmail.com,Britni.Lytton@gmail.com,doctor
835,Nananne,Holbrook,Nananne.Holbrook@yopmail.com,Nananne.Holbrook@gmail.com,developer
836,Joy,Lubin,Joy.Lubin@yopmail.com,Joy.Lubin@gmail.com,police officer
837,Bernardine,Zenas,Bernardine.Zenas@yopmail.com,Bernardine.Zenas@gmail.com,worker
838,Kimmy,Burkle,Kimmy.Burkle@yopmail.com,Kimmy.Burkle@gmail.com,police officer
839,Lilith,Erminia,Lilith.Erminia@yopmail.com,Lilith.Erminia@gmail.com,firefighter
840,Marsiella,Levey,Marsiella.Levey@yopmail.com,Marsiella.Levey@gmail.com,doctor
841,Emmey,Shaddock,Emmey.Shaddock@yopmail.com,Emmey.Shaddock@gmail.com,doctor
842,Florencia,Noelyn,Florencia.Noelyn@yopmail.com,Florencia.Noelyn@gmail.com,worker
843,Aryn,Ciapas,Aryn.Ciapas@yopmail.com,Aryn.Ciapas@gmail.com,worker
844,Ernesta,Pascia,Ernesta.Pascia@yopmail.com,Ernesta.Pascia@gmail.com,worker
845,Karlee,Nerita,Karlee.Nerita@yopmail.com,Karlee.Nerita@gmail.com,doctor
846,Estell,Poppy,Estell.Poppy@yopmail.com,Estell.Poppy@gmail.com,doctor
847,Debee,Ahab,Debee.Ahab@yopmail.com,Debee.Ahab@gmail.com,worker
848,Nadine,Jenness,Nadine.Jenness@yopmail.com,Nadine.Jenness@gmail.com,firefighter
849,Alie,Decato,Alie.Decato@yopmail.com,Alie.Decato@gmail.com,police officer
850,Margette,Aprile,Margette.Aprile@yopmail.com,Margette.Aprile@gmail.com,firefighter
851,Althea,Septima,Althea.Septima@yopmail.com,Althea.Septima@gmail.com,police officer
852,Melina,Terrence,Melina.Terrence@yopmail.com,Melina.Terrence@gmail.com,firefighter
853,Calla,Bebe,Calla.Bebe@yopmail.com,Calla.Bebe@gmail.com,developer
854,Carilyn,Doig,Carilyn.Doig@yopmail.com,Carilyn.Doig@gmail.com,police officer
855,Grier,Bettine,Grier.Bettine@yopmail.com,Grier.Bettine@gmail.com,doctor
856,Shaine,Dermott,Shaine.Dermott@yopmail.com,Shaine.Dermott@gmail.com,doctor
857,Sallie,Marijo,Sallie.Marijo@yopmail.com,Sallie.Marijo@gmail.com,developer
858,Viviene,Jobi,Viviene.Jobi@yopmail.com,Viviene.Jobi@gmail.com,firefighter
859,Taffy,Ackerley,Taffy.Ackerley@yopmail.com,Taffy.Ackerley@gmail.com,developer
860,Ketti,Carey,Ketti.Carey@yopmail.com,Ketti.Carey@gmail.com,police officer
861,Ketti,Keily,Ketti.Keily@yopmail.com,Ketti.Keily@gmail.com,firefighter
862,Sandie,Hourigan,Sandie.Hourigan@yopmail.com,Sandie.Hourigan@gmail.com,doctor
863,Chandra,Saint,Chandra.Saint@yopmail.com,Chandra.Saint@gmail.com,worker
864,Kimmy,Romelda,Kimmy.Romelda@yopmail.com,Kimmy.Romelda@gmail.com,firefighter
865,Neila,Clarissa,Neila.Clarissa@yopmail.com,Neila.Clarissa@gmail.com,police officer
866,Janeczka,Maurine,Janeczka.Maurine@yopmail.com,Janeczka.Maurine@gmail.com,worker
867,Merle,Crudden,Merle.Crudden@yopmail.com,Merle.Crudden@gmail.com,developer
868,Audrie,Hailee,Audrie.Hailee@yopmail.com,Audrie.Hailee@gmail.com,worker
869,Lorenza,Brackely,Lorenza.Brackely@yopmail.com,Lorenza.Brackely@gmail.com,worker
870,Lila,Sammons,Lila.Sammons@yopmail.com,Lila.Sammons@gmail.com,doctor
871,Hayley,Lorain,Hayley.Lorain@yopmail.com,Hayley.Lorain@gmail.com,doctor
872,Liana,Hartnett,Liana.Hartnett@yopmail.com,Liana.Hartnett@gmail.com,developer
873,Andeee,Lea,Andeee.Lea@yopmail.com,Andeee.Lea@gmail.com,developer
874,Mamie,Janene,Mamie.Janene@yopmail.com,Mamie.Janene@gmail.com,police officer
875,Blondelle,Caitlin,Blondelle.Caitlin@yopmail.com,Blondelle.Caitlin@gmail.com,firefighter
876,Doro,Jerold,Doro.Jerold@yopmail.com,Doro.Jerold@gmail.com,developer
877,Sidoney,Rad,Sidoney.Rad@yopmail.com,Sidoney.Rad@gmail.com,developer
878,Peri,Abram,Peri.Abram@yopmail.com,Peri.Abram@gmail.com,doctor
879,Hettie,Gaynor,Hettie.Gaynor@yopmail.com,Hettie.Gaynor@gmail.com,developer
880,Madalyn,Koziara,Madalyn.Koziara@yopmail.com,Madalyn.Koziara@gmail.com,firefighter
881,Debee,Rona,Debee.Rona@yopmail.com,Debee.Rona@gmail.com,developer
882,Tersina,Dorothy,Tersina.Dorothy@yopmail.com,Tersina.Dorothy@gmail.com,firefighter
883,Lorenza,Fiester,Lorenza.Fiester@yopmail.com,Lorenza.Fiester@gmail.com,worker
884,Ricky,Delila,Ricky.Delila@yopmail.com,Ricky.Delila@gmail.com,doctor
885,Tatiania,Konyn,Tatiania.Konyn@yopmail.com,Tatiania.Konyn@gmail.com,doctor
886,Alie,Harriman,Alie.Harriman@yopmail.com,Alie.Harriman@gmail.com,doctor
887,Tamqrah,Bakerman,Tamqrah.Bakerman@yopmail.com,Tamqrah.Bakerman@gmail.com,firefighter
888,Kathi,Lasley,Kathi.Lasley@yopmail.com,Kathi.Lasley@gmail.com,police officer
889,Anica,Maroney,Anica.Maroney@yopmail.com,Anica.Maroney@gmail.com,doctor
890,Sindee,Greenwald,Sindee.Greenwald@yopmail.com,Sindee.Greenwald@gmail.com,police officer
891,Briney,Korey,Briney.Korey@yopmail.com,Briney.Korey@gmail.com,developer
892,Barbi,Jefferey,Barbi.Jefferey@yopmail.com,Barbi.Jefferey@gmail.com,developer
893,Meghann,Garek,Meghann.Garek@yopmail.com,Meghann.Garek@gmail.com,firefighter
894,Audrie,Ajay,Audrie.Ajay@yopmail.com,Audrie.Ajay@gmail.com,police officer
895,Gianina,Tiffa,Gianina.Tiffa@yopmail.com,Gianina.Tiffa@gmail.com,police officer
896,Ayn,Tillford,Ayn.Tillford@yopmail.com,Ayn.Tillford@gmail.com,firefighter
897,Selia,Weinreb,Selia.Weinreb@yopmail.com,Selia.Weinreb@gmail.com,worker
898,Angela,Verger,Angela.Verger@yopmail.com,Angela.Verger@gmail.com,police officer
899,Alisha,Odysseus,Alisha.Odysseus@yopmail.com,Alisha.Odysseus@gmail.com,doctor
900,Mignon,Brackely,Mignon.Brackely@yopmail.com,Mignon.Brackely@gmail.com,worker
901,Tamqrah,Gahl,Tamqrah.Gahl@yopmail.com,Tamqrah.Gahl@gmail.com,doctor
902,Misha,Wittie,Misha.Wittie@yopmail.com,Misha.Wittie@gmail.com,developer
903,Talya,Gemini,Talya.Gemini@yopmail.com,Talya.Gemini@gmail.com,police officer
904,Danny,Loring,Danny.Loring@yopmail.com,Danny.Loring@gmail.com,developer
905,Brietta,Nance,Brietta.Nance@yopmail.com,Brietta.Nance@gmail.com,doctor
906,Hope,Emanuel,Hope.Emanuel@yopmail.com,Hope.Emanuel@gmail.com,developer
907,Brana,Bergman,Brana.Bergman@yopmail.com,Brana.Bergman@gmail.com,developer
908,Rosene,Maurine,Rosene.Maurine@yopmail.com,Rosene.Maurine@gmail.com,firefighter
909,Johna,Wallis,Johna.Wallis@yopmail.com,Johna.Wallis@gmail.com,firefighter
910,Henriette,Kannry,Henriette.Kannry@yopmail.com,Henriette.Kannry@gmail.com,police officer
911,Audrie,McLaughlin,Audrie.McLaughlin@yopmail.com,Audrie.McLaughlin@gmail.com,police officer
912,Ezmeralda,Chandler,Ezmeralda.Chandler@yopmail.com,Ezmeralda.Chandler@gmail.com,doctor
913,Wileen,Dash,Wileen.Dash@yopmail.com,Wileen.Dash@gmail.com,developer
914,Sharlene,Brian,Sharlene.Brian@yopmail.com,Sharlene.Brian@gmail.com,police officer
915,Jere,Anselmi,Jere.Anselmi@yopmail.com,Jere.Anselmi@gmail.com,firefighter
916,Quintina,Odell,Quintina.Odell@yopmail.com,Quintina.Odell@gmail.com,worker
917,Roz,Forrer,Roz.Forrer@yopmail.com,Roz.Forrer@gmail.com,developer
918,Fawne,Margarete,Fawne.Margarete@yopmail.com,Fawne.Margarete@gmail.com,firefighter
919,Kate,Hirsch,Kate.Hirsch@yopmail.com,Kate.Hirsch@gmail.com,police officer
920,Priscilla,Ariella,Priscilla.Ariella@yopmail.com,Priscilla.Ariella@gmail.com,police officer
921,Paulita,McAdams,Paulita.McAdams@yopmail.com,Paulita.McAdams@gmail.com,worker
922,Dorice,Neva,Dorice.Neva@yopmail.com,Dorice.Neva@gmail.com,firefighter
923,Cherrita,Stefa,Cherrita.Stefa@yopmail.com,Cherrita.Stefa@gmail.com,developer
924,Liana,Old,Liana.Old@yopmail.com,Liana.Old@gmail.com,doctor
925,Jessamyn,Hubert,Jessamyn.Hubert@yopmail.com,Jessamyn.Hubert@gmail.com,worker
926,Orelia,Pond,Orelia.Pond@yopmail.com,Orelia.Pond@gmail.com,police officer
927,Lucille,Ferrell,Lucille.Ferrell@yopmail.com,Lucille.Ferrell@gmail.com,police officer
928,Althea,Tybald,Althea.Tybald@yopmail.com,Althea.Tybald@gmail.com,developer
929,Chere,Toffic,Chere.Toffic@yopmail.com,Chere.Toffic@gmail.com,police officer
930,Ursulina,Graig,Ursulina.Graig@yopmail.com,Ursulina.Graig@gmail.com,worker
931,Brana,Gordon,Brana.Gordon@yopmail.com,Brana.Gordon@gmail.com,doctor
932,Katharina,Erich,Katharina.Erich@yopmail.com,Katharina.Erich@gmail.com,police officer
933,Esmeralda,Elbertina,Esmeralda.Elbertina@yopmail.com,Esmeralda.Elbertina@gmail.com,worker
934,Gratia,Marsden,Gratia.Marsden@yopmail.com,Gratia.Marsden@gmail.com,police officer
935,Jere,Vivle,Jere.Vivle@yopmail.com,Jere.Vivle@gmail.com,developer
936,Celene,Medrek,Celene.Medrek@yopmail.com,Celene.Medrek@gmail.com,firefighter
937,Jorry,Nerita,Jorry.Nerita@yopmail.com,Jorry.Nerita@gmail.com,firefighter
938,Kristina,Edee,Kristina.Edee@yopmail.com,Kristina.Edee@gmail.com,firefighter
939,Edyth,Adalbert,Edyth.Adalbert@yopmail.com,Edyth.Adalbert@gmail.com,firefighter
940,Kathy,Podvin,Kathy.Podvin@yopmail.com,Kathy.Podvin@gmail.com,developer
941,Ofilia,Barbey,Ofilia.Barbey@yopmail.com,Ofilia.Barbey@gmail.com,worker
942,Petronia,Ries,Petronia.Ries@yopmail.com,Petronia.Ries@gmail.com,doctor
943,Emma,Millda,Emma.Millda@yopmail.com,Emma.Millda@gmail.com,police officer
944,Merci,Cullin,Merci.Cullin@yopmail.com,Merci.Cullin@gmail.com,police officer
945,Ariela,Swigart,Ariela.Swigart@yopmail.com,Ariela.Swigart@gmail.com,developer
946,Cristine,Dannye,Cristine.Dannye@yopmail.com,Cristine.Dannye@gmail.com,doctor
947,Jacenta,Jena,Jacenta.Jena@yopmail.com,Jacenta.Jena@gmail.com,firefighter
948,Kathi,Erminia,Kathi.Erminia@yopmail.com,Kathi.Erminia@gmail.com,worker
949,Abbie,Eachern,Abbie.Eachern@yopmail.com,Abbie.Eachern@gmail.com,worker
950,Concettina,Barrus,Concettina.Barrus@yopmail.com,Concettina.Barrus@gmail.com,doctor
951,Cassondra,Bord,Cassondra.Bord@yopmail.com,Cassondra.Bord@gmail.com,doctor
952,Ezmeralda,Iiette,Ezmeralda.Iiette@yopmail.com,Ezmeralda.Iiette@gmail.com,developer
953,Magdalena,Schenck,Magdalena.Schenck@yopmail.com,Magdalena.Schenck@gmail.com,doctor
954,Ermengarde,Sadowski,Ermengarde.Sadowski@yopmail.com,Ermengarde.Sadowski@gmail.com,worker
955,Xylina,Ummersen,Xylina.Ummersen@yopmail.com,Xylina.Ummersen@gmail.com,doctor
956,Susan,Khorma,Susan.Khorma@yopmail.com,Susan.Khorma@gmail.com,doctor
957,Ruthe,Trace,Ruthe.Trace@yopmail.com,Ruthe.Trace@gmail.com,worker
958,Silvana,Cynar,Silvana.Cynar@yopmail.com,Silvana.Cynar@gmail.com,police officer
959,Elsie,Sherfield,Elsie.Sherfield@yopmail.com,Elsie.Sherfield@gmail.com,developer
960,Courtnay,Ventre,Courtnay.Ventre@yopmail.com,Courtnay.Ventre@gmail.com,firefighter
961,Carmela,Krystle,Carmela.Krystle@yopmail.com,Carmela.Krystle@gmail.com,firefighter
962,Shannah,Merat,Shannah.Merat@yopmail.com,Shannah.Merat@gmail.com,firefighter
963,Vivia,Carri,Vivia.Carri@yopmail.com,Vivia.Carri@gmail.com,police officer
964,Allis,Jillane,Allis.Jillane@yopmail.com,Allis.Jillane@gmail.com,police officer
965,Nickie,Secrest,Nickie.Secrest@yopmail.com,Nickie.Secrest@gmail.com,police officer
966,Olivette,Thar,Olivette.Thar@yopmail.com,Olivette.Thar@gmail.com,worker
967,Florie,Andrel,Florie.Andrel@yopmail.com,Florie.Andrel@gmail.com,developer
968,Berget,Engdahl,Berget.Engdahl@yopmail.com,Berget.Engdahl@gmail.com,police officer
969,Roxane,Colbert,Roxane.Colbert@yopmail.com,Roxane.Colbert@gmail.com,developer
970,Edee,Celestine,Edee.Celestine@yopmail.com,Edee.Celestine@gmail.com,developer
971,Dorthy,Drus,Dorthy.Drus@yopmail.com,Dorthy.Drus@gmail.com,developer
972,Ingrid,Maisey,Ingrid.Maisey@yopmail.com,Ingrid.Maisey@gmail.com,developer
973,Ardys,Havens,Ardys.Havens@yopmail.com,Ardys.Havens@gmail.com,firefighter
974,Emmey,Laverne,Emmey.Laverne@yopmail.com,Emmey.Laverne@gmail.com,developer
975,Natka,Truc,Natka.Truc@yopmail.com,Natka.Truc@gmail.com,developer
976,Ermengarde,Koziara,Ermengarde.Koziara@yopmail.com,Ermengarde.Koziara@gmail.com,firefighter
977,Gratia,Mauer,Gratia.Mauer@yopmail.com,Gratia.Mauer@gmail.com,developer
978,Daune,Willie,Daune.Willie@yopmail.com,Daune.Willie@gmail.com,developer
979,Verla,Stav,Verla.Stav@yopmail.com,Verla.Stav@gmail.com,police officer
980,Dagmar,Loeb,Dagmar.Loeb@yopmail.com,Dagmar.Loeb@gmail.com,developer
981,Clo,Phyllis,Clo.Phyllis@yopmail.com,Clo.Phyllis@gmail.com,police officer
982,Aaren,Forrer,Aaren.Forrer@yopmail.com,Aaren.Forrer@gmail.com,doctor
983,Malina,Whittaker,Malina.Whittaker@yopmail.com,Malina.Whittaker@gmail.com,worker
984,Cathie,Riva,Cathie.Riva@yopmail.com,Cathie.Riva@gmail.com,doctor
985,Marguerite,Shelba,Marguerite.Shelba@yopmail.com,Marguerite.Shelba@gmail.com,firefighter
986,Alex,O'Neill,Alex.O'Neill@yopmail.com,Alex.O'Neill@gmail.com,developer
987,Karina,Cecile,Karina.Cecile@yopmail.com,Karina.Cecile@gmail.com,police officer
988,Katleen,Dearborn,Katleen.Dearborn@yopmail.com,Katleen.Dearborn@gmail.com,developer
989,Caryl,Louanna,Caryl.Louanna@yopmail.com,Caryl.Louanna@gmail.com,doctor
990,Rhoda,Sprage,Rhoda.Sprage@yopmail.com,Rhoda.Sprage@gmail.com,developer
991,Alie,Maxi,Alie.Maxi@yopmail.com,Alie.Maxi@gmail.com,police officer
992,Meriel,O'Neill,Meriel.O'Neill@yopmail.com,Meriel.O'Neill@gmail.com,police officer
993,Melina,Darbie,Melina.Darbie@yopmail.com,Melina.Darbie@gmail.com,worker
994,Malina,Suzetta,Malina.Suzetta@yopmail.com,Malina.Suzetta@gmail.com,doctor
995,Robbi,Gunn,Robbi.Gunn@yopmail.com,Robbi.Gunn@gmail.com,firefighter
996,Georgina,Calhoun,Georgina.Calhoun@yopmail.com,Georgina.Calhoun@gmail.com,developer
997,Gerianna,Hanshaw,Gerianna.Hanshaw@yopmail.com,Gerianna.Hanshaw@gmail.com,worker
998,Rozele,Pierette,Rozele.Pierette@yopmail.com,Rozele.Pierette@gmail.com,worker
999,Jacquetta,Kevon,Jacquetta.Kevon@yopmail.com,Jacquetta.Kevon@gmail.com,developer
1000,Cordi,Blase,Cordi.Blase@yopmail.com,Cordi.Blase@gmail.com,police officer
1001,Sue,Korey,Sue.Korey@yopmail.com,Sue.Korey@gmail.com,doctor
1002,Selma,Salvidor,Selma.Salvidor@yopmail.com,Selma.Salvidor@gmail.com,doctor
1003,Kathy,Myrilla,Kathy.Myrilla@yopmail.com,Kathy.Myrilla@gmail.com,police officer
1004,Johna,Joeann,Johna.Joeann@yopmail.com,Johna.Joeann@gmail.com,doctor
1005,Violet,Rustice,Violet.Rustice@yopmail.com,Violet.Rustice@gmail.com,police officer
1006,Coral,Billye,Coral.Billye@yopmail.com,Coral.Billye@gmail.com,worker
1007,Devina,Vittoria,Devina.Vittoria@yopmail.com,Devina.Vittoria@gmail.com,worker
1008,Gilda,Moina,Gilda.Moina@yopmail.com,Gilda.Moina@gmail.com,police officer
1009,Livvyy,Glovsky,Livvyy.Glovsky@yopmail.com,Livvyy.Glovsky@gmail.com,worker
1010,Modestia,Mayeda,Modestia.Mayeda@yopmail.com,Modestia.Mayeda@gmail.com,police officer
1011,Rivalee,Wandie,Rivalee.Wandie@yopmail.com,Rivalee.Wandie@gmail.com,worker
1012,Shel,Arne,Shel.Arne@yopmail.com,Shel.Arne@gmail.com,doctor
1013,Kerrin,Firmin,Kerrin.Firmin@yopmail.com,Kerrin.Firmin@gmail.com,doctor
1014,Nonnah,Oneida,Nonnah.Oneida@yopmail.com,Nonnah.Oneida@gmail.com,firefighter
1015,Marika,Brunell,Marika.Brunell@yopmail.com,Marika.Brunell@gmail.com,worker
1016,Courtnay,Cleo,Courtnay.Cleo@yopmail.com,Courtnay.Cleo@gmail.com,doctor
1017,Atlanta,Hewitt,Atlanta.Hewitt@yopmail.com,Atlanta.Hewitt@gmail.com,firefighter
1018,Oralee,Simmonds,Oralee.Simmonds@yopmail.com,Oralee.Simmonds@gmail.com,police officer
1019,Ingrid,Wooster,Ingrid.Wooster@yopmail.com,Ingrid.Wooster@gmail.com,developer
1020,Ardys,Pettiford,Ardys.Pettiford@yopmail.com,Ardys.Pettiford@gmail.com,worker
1021,Ira,Kristi,Ira.Kristi@yopmail.com,Ira.Kristi@gmail.com,developer
1022,Maurene,Bakerman,Maurene.Bakerman@yopmail.com,Maurene.Bakerman@gmail.com,firefighter
1023,Arlena,Swanhildas,Arlena.Swanhildas@yopmail.com,Arlena.Swanhildas@gmail.com,firefighter
1024,Nanete,Thar,Nanete.Thar@yopmail.com,Nanete.Thar@gmail.com,developer
1025,Jenilee,Weinreb,Jenilee.Weinreb@yopmail.com,Jenilee.Weinreb@gmail.com,developer
1026,Tressa,Mehalek,Tressa.Mehalek@yopmail.com,Tressa.Mehalek@gmail.com,firefighter
1027,Fanny,Matthew,Fanny.Matthew@yopmail.com,Fanny.Matthew@gmail.com,worker
1028,Benita,Pearse,Benita.Pearse@yopmail.com,Benita.Pearse@gmail.com,firefighter
1029,Winny,Alice,Winny.Alice@yopmail.com,Winny.Alice@gmail.com,police officer
1030,Judy,Abernon,Judy.Abernon@yopmail.com,Judy.Abernon@gmail.com,developer
1031,Sherrie,Eckblad,Sherrie.Eckblad@yopmail.com,Sherrie.Eckblad@gmail.com,doctor
1032,Marcelline,Jobi,Marcelline.Jobi@yopmail.com,Marcelline.Jobi@gmail.com,firefighter
1033,Ricky,Alva,Ricky.Alva@yopmail.com,Ricky.Alva@gmail.com,developer
1034,Dode,Alfons,Dode.Alfons@yopmail.com,Dode.Alfons@gmail.com,developer
1035,Joelly,Barbey,Joelly.Barbey@yopmail.com,Joelly.Barbey@gmail.com,police officer
1036,Shel,Grimbly,Shel.Grimbly@yopmail.com,Shel.Grimbly@gmail.com,firefighter
1037,Katleen,Hazlett,Katleen.Hazlett@yopmail.com,Katleen.Hazlett@gmail.com,worker
1038,Rebeca,Bivins,Rebeca.Bivins@yopmail.com,Rebeca.Bivins@gmail.com,doctor
1039,Carmencita,Vorster,Carmencita.Vorster@yopmail.com,Carmencita.Vorster@gmail.com,worker
1040,Gretal,Vharat,Gretal.Vharat@yopmail.com,Gretal.Vharat@gmail.com,worker
1041,Elsie,Newell,Elsie.Newell@yopmail.com,Elsie.Newell@gmail.com,doctor
1042,Paule,Yerkovich,Paule.Yerkovich@yopmail.com,Paule.Yerkovich@gmail.com,developer
1043,Millie,Talia,Millie.Talia@yopmail.com,Millie.Talia@gmail.com,doctor
1044,Sabina,Bebe,Sabina.Bebe@yopmail.com,Sabina.Bebe@gmail.com,firefighter
1045,Brana,Eiser,Brana.Eiser@yopmail.com,Brana.Eiser@gmail.com,firefighter
1046,Meg,My,Meg.My@yopmail.com,Meg.My@gmail.com,doctor
1047,Trixi,Concha,Trixi.Concha@yopmail.com,Trixi.Concha@gmail.com,doctor
1048,Zondra,Celestine,Zondra.Celestine@yopmail.com,Zondra.Celestine@gmail.com,doctor
1049,Danny,Stav,Danny.Stav@yopmail.com,Danny.Stav@gmail.com,worker
1050,Mady,Milde,Mady.Milde@yopmail.com,Mady.Milde@gmail.com,developer
1051,Millie,Lane,Millie.Lane@yopmail.com,Millie.Lane@gmail.com,firefighter
1052,Kristina,Silvan,Kristina.Silvan@yopmail.com,Kristina.Silvan@gmail.com,doctor
1053,Meriel,Cassius,Meriel.Cassius@yopmail.com,Meriel.Cassius@gmail.com,developer
1054,Shirlee,Levey,Shirlee.Levey@yopmail.com,Shirlee.Levey@gmail.com,police officer
1055,Mureil,Blake,Mureil.Blake@yopmail.com,Mureil.Blake@gmail.com,police officer
1056,Hyacinthe,Wattenberg,Hyacinthe.Wattenberg@yopmail.com,Hyacinthe.Wattenberg@gmail.com,worker
1057,Darci,Zenas,Darci.Zenas@yopmail.com,Darci.Zenas@gmail.com,worker
1058,Inga,Firmin,Inga.Firmin@yopmail.com,Inga.Firmin@gmail.com,developer
1059,Marika,Sidonius,Marika.Sidonius@yopmail.com,Marika.Sidonius@gmail.com,firefighter
1060,Binny,Kravits,Binny.Kravits@yopmail.com,Binny.Kravits@gmail.com,police officer
1061,Hannis,Greyson,Hannis.Greyson@yopmail.com,Hannis.Greyson@gmail.com,doctor
1062,Elise,Ezar,Elise.Ezar@yopmail.com,Elise.Ezar@gmail.com,firefighter
1063,Maud,Bow,Maud.Bow@yopmail.com,Maud.Bow@gmail.com,developer
1064,Fidelia,Ingra,Fidelia.Ingra@yopmail.com,Fidelia.Ingra@gmail.com,worker
1065,Cassondra,Niles,Cassondra.Niles@yopmail.com,Cassondra.Niles@gmail.com,police officer
1066,Noelle,Aloise,Noelle.Aloise@yopmail.com,Noelle.Aloise@gmail.com,police officer
1067,Shirlee,Viddah,Shirlee.Viddah@yopmail.com,Shirlee.Viddah@gmail.com,police officer
1068,Ezmeralda,Bethany,Ezmeralda.Bethany@yopmail.com,Ezmeralda.Bethany@gmail.com,developer
1069,Raina,Devlen,Raina.Devlen@yopmail.com,Raina.Devlen@gmail.com,developer
1070,Aili,Scammon,Aili.Scammon@yopmail.com,Aili.Scammon@gmail.com,police officer
1071,Daune,Kendrick,Daune.Kendrick@yopmail.com,Daune.Kendrick@gmail.com,developer
1072,Maryellen,Raseda,Maryellen.Raseda@yopmail.com,Maryellen.Raseda@gmail.com,firefighter
1073,Catharine,Concha,Catharine.Concha@yopmail.com,Catharine.Concha@gmail.com,developer
1074,Lilith,Daniele,Lilith.Daniele@yopmail.com,Lilith.Daniele@gmail.com,firefighter
1075,Corry,Rodmann,Corry.Rodmann@yopmail.com,Corry.Rodmann@gmail.com,police officer
1076,Robbi,Brenn,Robbi.Brenn@yopmail.com,Robbi.Brenn@gmail.com,developer
1077,Olwen,Modie,Olwen.Modie@yopmail.com,Olwen.Modie@gmail.com,worker
1078,Mireielle,Rooney,Mireielle.Rooney@yopmail.com,Mireielle.Rooney@gmail.com,developer
1079,Michaelina,Gert,Michaelina.Gert@yopmail.com,Michaelina.Gert@gmail.com,firefighter
1080,Donnie,Hewitt,Donnie.Hewitt@yopmail.com,Donnie.Hewitt@gmail.com,police officer
1081,Jenilee,Bryna,Jenilee.Bryna@yopmail.com,Jenilee.Bryna@gmail.com,police officer
1082,Evita,Lissi,Evita.Lissi@yopmail.com,Evita.Lissi@gmail.com,worker
1083,Celene,Maisey,Celene.Maisey@yopmail.com,Celene.Maisey@gmail.com,police officer
1084,Dorthy,Dex,Dorthy.Dex@yopmail.com,Dorthy.Dex@gmail.com,doctor
1085,Nikki,Wattenberg,Nikki.Wattenberg@yopmail.com,Nikki.Wattenberg@gmail.com,doctor
1086,Jacenta,Desai,Jacenta.Desai@yopmail.com,Jacenta.Desai@gmail.com,police officer
1087,Jenilee,Middleton,Jenilee.Middleton@yopmail.com,Jenilee.Middleton@gmail.com,developer
1088,Gwenneth,Lamoree,Gwenneth.Lamoree@yopmail.com,Gwenneth.Lamoree@gmail.com,developer
1089,Doro,Byrne,Doro.Byrne@yopmail.com,Doro.Byrne@gmail.com,worker
1090,Abbie,Fiann,Abbie.Fiann@yopmail.com,Abbie.Fiann@gmail.com,firefighter
1091,Shel,Monk,Shel.Monk@yopmail.com,Shel.Monk@gmail.com,doctor
1092,Lauryn,Pearse,Lauryn.Pearse@yopmail.com,Lauryn.Pearse@gmail.com,developer
1093,Ardenia,Center,Ardenia.Center@yopmail.com,Ardenia.Center@gmail.com,doctor
1094,Steffane,Germann,Steffane.Germann@yopmail.com,Steffane.Germann@gmail.com,doctor
1095,Joelly,Sidonius,Joelly.Sidonius@yopmail.com,Joelly.Sidonius@gmail.com,worker
1096,Cassondra,Shanley,Cassondra.Shanley@yopmail.com,Cassondra.Shanley@gmail.com,worker
1097,Wanda,Kress,Wanda.Kress@yopmail.com,Wanda.Kress@gmail.com,police officer
1098,Shaylyn,Urias,Shaylyn.Urias@yopmail.com,Shaylyn.Urias@gmail.com,firefighter
1099,Kirstin,Gualtiero,Kirstin.Gualtiero@yopmail.com,Kirstin.Gualtiero@gmail.com,police officer
