id,firstname,lastname,email,email2,profession
25,Helsa,Weide,Helsa.Weide@yopmail.com,Helsa.Weide@gmail.com,worker
26,Sheelagh,Grosz,Sheelagh.Grosz@yopmail.com,Sheelagh.Grosz@gmail.com,developer
27,Dorice,Skurnik,Dorice.Skurnik@yopmail.com,Dorice.Skurnik@gmail.com,police officer
28,Jean,Colleen,Jean.Colleen@yopmail.com,Jean.Colleen@gmail.com,police officer
29,Ketti,Harday,Ketti.Harday@yopmail.com,Ketti.Harday@gmail.com,developer
30,Ira,Olnee,Ira.Olnee@yopmail.com,Ira.Olnee@gmail.com,developer
31,Allyce,Mallon,Allyce.Mallon@yopmail.com,Allyce.Mallon@gmail.com,police officer
32,Jackie,Anyah,Jackie.Anyah@yopmail.com,Jackie.Anyah@gmail.com,developer
33,Pierette,Old,Pierette.Old@yopmail.com,Pierette.Old@gmail.com,police officer
34,Zondra,Tryck,Zondra.Tryck@yopmail.com,Zondra.Tryck@gmail.com,firefighter
35,Karly,Izaak,Karly.Izaak@yopmail.com,Karly.Izaak@gmail.com,doctor
36,Aaren,Ammann,Aaren.Ammann@yopmail.com,Aaren.Ammann@gmail.com,police officer
37,Mathilda,Jarib,Mathilda.Jarib@yopmail.com,Mathilda.Jarib@gmail.com,doctor
38,Corene,Berne,Corene.Berne@yopmail.com,Corene.Berne@gmail.com,developer
39,Liana,Laurianne,Liana.Laurianne@yopmail.com,Liana.Laurianne@gmail.com,police officer
40,Flo,Prober,Flo.Prober@yopmail.com,Flo.Prober@gmail.com,worker
41,Damaris,Carri,Damaris.Carri@yopmail.com,Damaris.Carri@gmail.com,developer
42,Damaris,Dex,Damaris.Dex@yopmail.com,Damaris.Dex@gmail.com,police officer
43,Christian,Helve,Christian.Helve@yopmail.com,Christian.Helve@gmail.com,police officer
44,Iseabal,Mayeda,Iseabal.Mayeda@yopmail.com,Iseabal.Mayeda@gmail.com,worker
45,Elmira,Hashim,Elmira.Hashim@yopmail.com,Elmira.Hashim@gmail.com,doctor
46,Beverley,Diann,Beverley.Diann@yopmail.com,Beverley.Diann@gmail.com,police officer
47,Lonnie,Danby,Lonnie.Danby@yopmail.com,Lonnie.Danby@gmail.com,doctor
48,Gabriellia,Fry,Gabriellia.Fry@yopmail.com,Gabriellia.Fry@gmail.com,doctor
49,Loree,Letsou,Loree.Letsou@yopmail.com,Loree.Letsou@gmail.com,developer